Año,Mes,Lote,Residuo,Distrito,Nombre distrito,Total,ID
2024,January,1,Cama De Caballo,9,Moncloa-Aravaca,162.485,2024-Enero-9-1-Cama De Caballo
2024,January,1,Carton Comercial,1,Centro,265.06,2024-Enero-1-1-Carton Comercial
2024,January,1,Carton Comercial,6,Tetuán,70.82,2024-Enero-6-1-Carton Comercial
2024,January,1,Carton Comercial,7,Chamberí,110.28,2024-Enero-7-1-Carton Comercial
2024,January,1,Carton Comercial,8,Fuencarral-El Pardo,30.72,2024-Enero-8-1-Carton Comercial
2024,January,1,Carton Comercial,10,Latina,34.93,2024-Enero-10-1-Carton Comercial
2024,January,1,Clinicos,1,Centro,184.54,2024-Enero-1-1-Clinicos
2024,January,1,Clinicos,6,Tetuán,14.46,2024-Enero-6-1-Clinicos
2024,January,1,Clinicos,8,Fuencarral-El Pardo,331.92,2024-Enero-8-1-Clinicos
2024,January,1,Clinicos,9,Moncloa-Aravaca,251.62,2024-Enero-9-1-Clinicos
2024,January,1,Clinicos,10,Latina,37.98,2024-Enero-10-1-Clinicos
2024,January,1,Envases,1,Centro,311.48,2024-Enero-1-1-Envases
2024,January,1,Envases,6,Tetuán,496.54,2024-Enero-6-1-Envases
2024,January,1,Envases,7,Chamberí,512.06,2024-Enero-7-1-Envases
2024,January,1,Envases,8,Fuencarral-El Pardo,778,2024-Enero-8-1-Envases
2024,January,1,Envases,9,Moncloa-Aravaca,473.4,2024-Enero-9-1-Envases
2024,January,1,Envases,10,Latina,767.2,2024-Enero-10-1-Envases
2024,January,1,Organica,1,Centro,2048.62,2024-Enero-1-1-Organica
2024,January,1,Organica,6,Tetuán,1078.58,2024-Enero-6-1-Organica
2024,January,1,Organica,7,Chamberí,1164.26,2024-Enero-7-1-Organica
2024,January,1,Organica,8,Fuencarral-El Pardo,1721.68,2024-Enero-8-1-Organica
2024,January,1,Organica,9,Moncloa-Aravaca,1169.16,2024-Enero-9-1-Organica
2024,January,1,Organica,10,Latina,1480.38,2024-Enero-10-1-Organica
2024,January,1,Papel-carton,1,Centro,502.54,2024-Enero-1-1-Papel-carton
2024,January,1,Papel-carton,6,Tetuán,422.58,2024-Enero-6-1-Papel-carton
2024,January,1,Papel-carton,7,Chamberí,305.26,2024-Enero-7-1-Papel-carton
2024,January,1,Papel-carton,8,Fuencarral-El Pardo,740.12,2024-Enero-8-1-Papel-carton
2024,January,1,Papel-carton,9,Moncloa-Aravaca,323.2,2024-Enero-9-1-Papel-carton
2024,January,1,Papel-carton,10,Latina,387.08,2024-Enero-10-1-Papel-carton
2024,January,1,Pilas,1,Centro,0.114028502,2024-Enero-1-1-Pilas
2024,January,1,Pilas,6,Tetuán,0.132731692,2024-Enero-6-1-Pilas
2024,January,1,Pilas,7,Chamberí,0.088809695,2024-Enero-7-1-Pilas
2024,January,1,Pilas,8,Fuencarral-El Pardo,0.137083935,2024-Enero-8-1-Pilas
2024,January,1,Pilas,9,Moncloa-Aravaca,0.087970649,2024-Enero-9-1-Pilas
2024,January,1,Pilas,10,Latina,0.159938038,2024-Enero-10-1-Pilas
2024,January,1,Puntos Limpios,8,Fuencarral-El Pardo,148.1,2024-Enero-8-1-Puntos Limpios
2024,January,1,Puntos Limpios,9,Moncloa-Aravaca,52.8,2024-Enero-9-1-Puntos Limpios
2024,January,1,Puntos Limpios,10,Latina,127.98,2024-Enero-10-1-Puntos Limpios
2024,January,1,Rcd,1,Centro,132.47,2024-Enero-1-1-Rcd
2024,January,1,Rcd,6,Tetuán,37.89,2024-Enero-6-1-Rcd
2024,January,1,Rcd,7,Chamberí,50.76,2024-Enero-7-1-Rcd
2024,January,1,Rcd,8,Fuencarral-El Pardo,114.235,2024-Enero-8-1-Rcd
2024,January,1,Rcd,9,Moncloa-Aravaca,63.11,2024-Enero-9-1-Rcd
2024,January,1,Rcd,10,Latina,45.02,2024-Enero-10-1-Rcd
2024,January,1,Resto,1,Centro,3269.58,2024-Enero-1-1-Resto
2024,January,1,Resto,6,Tetuán,2254.18,2024-Enero-6-1-Resto
2024,January,1,Resto,7,Chamberí,1718.48,2024-Enero-7-1-Resto
2024,January,1,Resto,8,Fuencarral-El Pardo,3206.3,2024-Enero-8-1-Resto
2024,January,1,Resto,9,Moncloa-Aravaca,2087.24,2024-Enero-9-1-Resto
2024,January,1,Resto,10,Latina,3101.58,2024-Enero-10-1-Resto
2024,January,1,Ropa,1,Centro,19.75,2024-Enero-1-1-Ropa
2024,January,1,Ropa,6,Tetuán,11.395,2024-Enero-6-1-Ropa
2024,January,1,Ropa,7,Chamberí,23.15,2024-Enero-7-1-Ropa
2024,January,1,Ropa,8,Fuencarral-El Pardo,15.88,2024-Enero-8-1-Ropa
2024,January,1,Ropa,9,Moncloa-Aravaca,11.205,2024-Enero-9-1-Ropa
2024,January,1,Ropa,10,Latina,27.885,2024-Enero-10-1-Ropa
2024,January,1,Vidrio,1,Centro,659.36,2024-Enero-1-1-Vidrio
2024,January,1,Vidrio,6,Tetuán,343.08,2024-Enero-6-1-Vidrio
2024,January,1,Vidrio,7,Chamberí,350.4,2024-Enero-7-1-Vidrio
2024,January,1,Vidrio,8,Fuencarral-El Pardo,254.8,2024-Enero-8-1-Vidrio
2024,January,1,Vidrio,9,Moncloa-Aravaca,354.42,2024-Enero-9-1-Vidrio
2024,January,1,Vidrio,10,Latina,281.54,2024-Enero-10-1-Vidrio
2024,January,1,Vidrio Comercial,1,Centro,113.18,2024-Enero-1-1-Vidrio Comercial
2024,January,2,Carton Comercial,3,Retiro,48.26,2024-Enero-3-2-Carton Comercial
2024,January,2,Carton Comercial,4,Salamanca,64.48,2024-Enero-4-2-Carton Comercial
2024,January,2,Carton Comercial,5,Chamartín,78.3,2024-Enero-5-2-Carton Comercial
2024,January,2,Carton Comercial,14,Moratalaz,29.78,2024-Enero-14-2-Carton Comercial
2024,January,2,Carton Comercial,15,Ciudad Lineal,50.52,2024-Enero-15-2-Carton Comercial
2024,January,2,Carton Comercial,16,Hortaleza,55.02,2024-Enero-16-2-Carton Comercial
2024,January,2,Carton Comercial,19,Vicálvaro,27.82,2024-Enero-19-2-Carton Comercial
2024,January,2,Carton Comercial,21,Barajas,34.98,2024-Enero-21-2-Carton Comercial
2024,January,2,Clinicos,3,Retiro,202.62,2024-Enero-3-2-Clinicos
2024,January,2,Clinicos,4,Salamanca,124.08,2024-Enero-4-2-Clinicos
2024,January,2,Clinicos,15,Ciudad Lineal,138.98,2024-Enero-15-2-Clinicos
2024,January,2,Envases,3,Retiro,367.94,2024-Enero-3-2-Envases
2024,January,2,Envases,4,Salamanca,527.82,2024-Enero-4-2-Envases
2024,January,2,Envases,5,Chamartín,497.14,2024-Enero-5-2-Envases
2024,January,2,Envases,14,Moratalaz,296.7,2024-Enero-14-2-Envases
2024,January,2,Envases,15,Ciudad Lineal,791.58,2024-Enero-15-2-Envases
2024,January,2,Envases,16,Hortaleza,703.5,2024-Enero-16-2-Envases
2024,January,2,Envases,19,Vicálvaro,300.62,2024-Enero-19-2-Envases
2024,January,2,Envases,20,San Blas-Canillejas,546.02,2024-Enero-20-2-Envases
2024,January,2,Envases,21,Barajas,187.9,2024-Enero-21-2-Envases
2024,January,2,Organica,3,Retiro,937.74,2024-Enero-3-2-Organica
2024,January,2,Organica,4,Salamanca,1612.26,2024-Enero-4-2-Organica
2024,January,2,Organica,5,Chamartín,1323.16,2024-Enero-5-2-Organica
2024,January,2,Organica,14,Moratalaz,319.4,2024-Enero-14-2-Organica
2024,January,2,Organica,15,Ciudad Lineal,1098.8,2024-Enero-15-2-Organica
2024,January,2,Organica,16,Hortaleza,1171.5,2024-Enero-16-2-Organica
2024,January,2,Organica,19,Vicálvaro,833.68,2024-Enero-19-2-Organica
2024,January,2,Organica,20,San Blas-Canillejas,1044.72,2024-Enero-20-2-Organica
2024,January,2,Organica,21,Barajas,537.42,2024-Enero-21-2-Organica
2024,January,2,Papel-carton,3,Retiro,292.22,2024-Enero-3-2-Papel-carton
2024,January,2,Papel-carton,4,Salamanca,663.06,2024-Enero-4-2-Papel-carton
2024,January,2,Papel-carton,5,Chamartín,349.64,2024-Enero-5-2-Papel-carton
2024,January,2,Papel-carton,14,Moratalaz,237.08,2024-Enero-14-2-Papel-carton
2024,January,2,Papel-carton,15,Ciudad Lineal,352.48,2024-Enero-15-2-Papel-carton
2024,January,2,Papel-carton,16,Hortaleza,471.86,2024-Enero-16-2-Papel-carton
2024,January,2,Papel-carton,19,Vicálvaro,90.84,2024-Enero-19-2-Papel-carton
2024,January,2,Papel-carton,20,San Blas-Canillejas,394.1,2024-Enero-20-2-Papel-carton
2024,January,2,Papel-carton,21,Barajas,119.92,2024-Enero-21-2-Papel-carton
2024,January,2,Pilas,3,Retiro,0.040263253,2024-Enero-3-2-Pilas
2024,January,2,Pilas,4,Salamanca,0.102171421,2024-Enero-4-2-Pilas
2024,January,2,Pilas,5,Chamartín,0.107653111,2024-Enero-5-2-Pilas
2024,January,2,Pilas,14,Moratalaz,0.05265839,2024-Enero-14-2-Pilas
2024,January,2,Pilas,15,Ciudad Lineal,0.09518265,2024-Enero-15-2-Pilas
2024,January,2,Pilas,16,Hortaleza,0.185081267,2024-Enero-16-2-Pilas
2024,January,2,Pilas,19,Vicálvaro,0.079195015,2024-Enero-19-2-Pilas
2024,January,2,Pilas,20,San Blas-Canillejas,0.08610975,2024-Enero-20-2-Pilas
2024,January,2,Pilas,21,Barajas,0.086694407,2024-Enero-21-2-Pilas
2024,January,2,Puntos Limpios,3,Retiro,2.2,2024-Enero-3-2-Puntos Limpios
2024,January,2,Puntos Limpios,5,Chamartín,114.8,2024-Enero-5-2-Puntos Limpios
2024,January,2,Puntos Limpios,14,Moratalaz,55.68,2024-Enero-14-2-Puntos Limpios
2024,January,2,Puntos Limpios,15,Ciudad Lineal,67.86,2024-Enero-15-2-Puntos Limpios
2024,January,2,Puntos Limpios,16,Hortaleza,73.04,2024-Enero-16-2-Puntos Limpios
2024,January,2,Puntos Limpios,19,Vicálvaro,28.8,2024-Enero-19-2-Puntos Limpios
2024,January,2,Puntos Limpios,20,San Blas-Canillejas,76.48,2024-Enero-20-2-Puntos Limpios
2024,January,2,Puntos Limpios,21,Barajas,31.6,2024-Enero-21-2-Puntos Limpios
2024,January,2,Rcd,3,Retiro,24.48,2024-Enero-3-2-Rcd
2024,January,2,Rcd,4,Salamanca,79.99,2024-Enero-4-2-Rcd
2024,January,2,Rcd,5,Chamartín,202.95,2024-Enero-5-2-Rcd
2024,January,2,Rcd,14,Moratalaz,113.59,2024-Enero-14-2-Rcd
2024,January,2,Rcd,15,Ciudad Lineal,132.07,2024-Enero-15-2-Rcd
2024,January,2,Rcd,16,Hortaleza,96.56,2024-Enero-16-2-Rcd
2024,January,2,Rcd,19,Vicálvaro,135.6,2024-Enero-19-2-Rcd
2024,January,2,Rcd,20,San Blas-Canillejas,115.41,2024-Enero-20-2-Rcd
2024,January,2,Rcd,21,Barajas,120.68,2024-Enero-21-2-Rcd
2024,January,2,Resto,3,Retiro,1253.62,2024-Enero-3-2-Resto
2024,January,2,Resto,4,Salamanca,1669.44,2024-Enero-4-2-Resto
2024,January,2,Resto,5,Chamartín,1763.08,2024-Enero-5-2-Resto
2024,January,2,Resto,14,Moratalaz,1171.9,2024-Enero-14-2-Resto
2024,January,2,Resto,15,Ciudad Lineal,2809.24,2024-Enero-15-2-Resto
2024,January,2,Resto,16,Hortaleza,2394.26,2024-Enero-16-2-Resto
2024,January,2,Resto,19,Vicálvaro,1603.52,2024-Enero-19-2-Resto
2024,January,2,Resto,20,San Blas-Canillejas,2228.54,2024-Enero-20-2-Resto
2024,January,2,Resto,21,Barajas,850.42,2024-Enero-21-2-Resto
2024,January,2,Ropa,3,Retiro,2.29,2024-Enero-3-2-Ropa
2024,January,2,Ropa,4,Salamanca,10.01,2024-Enero-4-2-Ropa
2024,January,2,Ropa,5,Chamartín,17.9,2024-Enero-5-2-Ropa
2024,January,2,Ropa,14,Moratalaz,5.37,2024-Enero-14-2-Ropa
2024,January,2,Ropa,15,Ciudad Lineal,9.53,2024-Enero-15-2-Ropa
2024,January,2,Ropa,16,Hortaleza,8.54,2024-Enero-16-2-Ropa
2024,January,2,Ropa,19,Vicálvaro,5.73,2024-Enero-19-2-Ropa
2024,January,2,Ropa,20,San Blas-Canillejas,11.22,2024-Enero-20-2-Ropa
2024,January,2,Ropa,21,Barajas,5.27,2024-Enero-21-2-Ropa
2024,January,2,Vidrio,3,Retiro,445.22,2024-Enero-3-2-Vidrio
2024,January,2,Vidrio,4,Salamanca,434.86,2024-Enero-4-2-Vidrio
2024,January,2,Vidrio,5,Chamartín,231.44,2024-Enero-5-2-Vidrio
2024,January,2,Vidrio,14,Moratalaz,285.56,2024-Enero-14-2-Vidrio
2024,January,2,Vidrio,15,Ciudad Lineal,194.5,2024-Enero-15-2-Vidrio
2024,January,2,Vidrio,16,Hortaleza,165.22,2024-Enero-16-2-Vidrio
2024,January,2,Vidrio,19,Vicálvaro,164.02,2024-Enero-19-2-Vidrio
2024,January,2,Vidrio,20,San Blas-Canillejas,203.46,2024-Enero-20-2-Vidrio
2024,January,2,Vidrio,21,Barajas,128.7,2024-Enero-21-2-Vidrio
2024,January,2,Vidrio Comercial,4,Salamanca,129.72,2024-Enero-4-2-Vidrio Comercial
2024,January,3,Animales Muertos,99,Sin Distrito,8.88,2024-Enero-99-3-Animales Muertos
2024,January,3,Carton Comercial,2,Arganzuela,37.9,2024-Enero-2-3-Carton Comercial
2024,January,3,Carton Comercial,11,Carabanchel,39.98,2024-Enero-11-3-Carton Comercial
2024,January,3,Carton Comercial,12,Usera,39.38,2024-Enero-12-3-Carton Comercial
2024,January,3,Carton Comercial,13,Puente de Vallecas,42.66,2024-Enero-13-3-Carton Comercial
2024,January,3,Carton Comercial,17,Villaverde,29.56,2024-Enero-17-3-Carton Comercial
2024,January,3,Carton Comercial,18,Villa de Vallecas,22.62,2024-Enero-18-3-Carton Comercial
2024,January,3,Clinicos,12,Usera,176.78,2024-Enero-12-3-Clinicos
2024,January,3,Clinicos,13,Puente de Vallecas,37.78,2024-Enero-13-3-Clinicos
2024,January,3,Envases,2,Arganzuela,506.78,2024-Enero-2-3-Envases
2024,January,3,Envases,11,Carabanchel,1073.86,2024-Enero-11-3-Envases
2024,January,3,Envases,12,Usera,476.02,2024-Enero-12-3-Envases
2024,January,3,Envases,13,Puente de Vallecas,899.14,2024-Enero-13-3-Envases
2024,January,3,Envases,17,Villaverde,462.98,2024-Enero-17-3-Envases
2024,January,3,Envases,18,Villa de Vallecas,403.02,2024-Enero-18-3-Envases
2024,January,3,Organica,2,Arganzuela,832.62,2024-Enero-2-3-Organica
2024,January,3,Organica,11,Carabanchel,1556.72,2024-Enero-11-3-Organica
2024,January,3,Organica,12,Usera,943.7,2024-Enero-12-3-Organica
2024,January,3,Organica,13,Puente de Vallecas,1425.86,2024-Enero-13-3-Organica
2024,January,3,Organica,17,Villaverde,1237.24,2024-Enero-17-3-Organica
2024,January,3,Organica,18,Villa de Vallecas,1754.14,2024-Enero-18-3-Organica
2024,January,3,Papel-carton,2,Arganzuela,393.02,2024-Enero-2-3-Papel-carton
2024,January,3,Papel-carton,11,Carabanchel,339.28,2024-Enero-11-3-Papel-carton
2024,January,3,Papel-carton,12,Usera,208.54,2024-Enero-12-3-Papel-carton
2024,January,3,Papel-carton,13,Puente de Vallecas,300.44,2024-Enero-13-3-Papel-carton
2024,January,3,Papel-carton,17,Villaverde,217.76,2024-Enero-17-3-Papel-carton
2024,January,3,Papel-carton,18,Villa de Vallecas,200.1,2024-Enero-18-3-Papel-carton
2024,January,3,Pilas,2,Arganzuela,0.093106637,2024-Enero-2-3-Pilas
2024,January,3,Pilas,11,Carabanchel,0.157690692,2024-Enero-11-3-Pilas
2024,January,3,Pilas,12,Usera,0.136248075,2024-Enero-12-3-Pilas
2024,January,3,Pilas,13,Puente de Vallecas,0.083365343,2024-Enero-13-3-Pilas
2024,January,3,Pilas,17,Villaverde,0.078485525,2024-Enero-17-3-Pilas
2024,January,3,Pilas,18,Villa de Vallecas,0.04215339,2024-Enero-18-3-Pilas
2024,January,3,Pilas,99,Sin Distrito,6.641,2024-Enero-99-3-Pilas
2024,January,3,Puntos Limpios,2,Arganzuela,61.2,2024-Enero-2-3-Puntos Limpios
2024,January,3,Puntos Limpios,11,Carabanchel,47.08,2024-Enero-11-3-Puntos Limpios
2024,January,3,Puntos Limpios,12,Usera,35.66,2024-Enero-12-3-Puntos Limpios
2024,January,3,Puntos Limpios,13,Puente de Vallecas,34.8,2024-Enero-13-3-Puntos Limpios
2024,January,3,Puntos Limpios,17,Villaverde,55.32,2024-Enero-17-3-Puntos Limpios
2024,January,3,Puntos Limpios,18,Villa de Vallecas,98.36,2024-Enero-18-3-Puntos Limpios
2024,January,3,Rcd,2,Arganzuela,32.28,2024-Enero-2-3-Rcd
2024,January,3,Rcd,11,Carabanchel,41.5,2024-Enero-11-3-Rcd
2024,January,3,Rcd,12,Usera,47.27,2024-Enero-12-3-Rcd
2024,January,3,Rcd,13,Puente de Vallecas,39.88,2024-Enero-13-3-Rcd
2024,January,3,Rcd,17,Villaverde,64.51,2024-Enero-17-3-Rcd
2024,January,3,Rcd,18,Villa de Vallecas,71.98,2024-Enero-18-3-Rcd
2024,January,3,Resto,2,Arganzuela,1588.73,2024-Enero-2-3-Resto
2024,January,3,Resto,11,Carabanchel,3816.8,2024-Enero-11-3-Resto
2024,January,3,Resto,12,Usera,1446.74,2024-Enero-12-3-Resto
2024,January,3,Resto,13,Puente de Vallecas,3448.98,2024-Enero-13-3-Resto
2024,January,3,Resto,17,Villaverde,2542.46,2024-Enero-17-3-Resto
2024,January,3,Resto,18,Villa de Vallecas,2474.88,2024-Enero-18-3-Resto
2024,January,3,Ropa,2,Arganzuela,13.305,2024-Enero-2-3-Ropa
2024,January,3,Ropa,11,Carabanchel,3.4,2024-Enero-11-3-Ropa
2024,January,3,Ropa,12,Usera,9.66,2024-Enero-12-3-Ropa
2024,January,3,Ropa,13,Puente de Vallecas,7.615,2024-Enero-13-3-Ropa
2024,January,3,Ropa,17,Villaverde,6.66,2024-Enero-17-3-Ropa
2024,January,3,Ropa,18,Villa de Vallecas,12.325,2024-Enero-18-3-Ropa
2024,January,3,Vidrio,2,Arganzuela,215.8,2024-Enero-2-3-Vidrio
2024,January,3,Vidrio,11,Carabanchel,269.18,2024-Enero-11-3-Vidrio
2024,January,3,Vidrio,12,Usera,241.12,2024-Enero-12-3-Vidrio
2024,January,3,Vidrio,13,Puente de Vallecas,228.62,2024-Enero-13-3-Vidrio
2024,January,3,Vidrio,17,Villaverde,195.54,2024-Enero-17-3-Vidrio
2024,January,3,Vidrio,18,Villa de Vallecas,190.56,2024-Enero-18-3-Vidrio
2024,February,1,Cama De Caballo,9,Moncloa-Aravaca,128.885,2024-Febrero-9-1-Cama De Caballo
2024,February,1,Carton Comercial,1,Centro,241.58,2024-Febrero-1-1-Carton Comercial
2024,February,1,Carton Comercial,6,Tetuán,70.82,2024-Febrero-6-1-Carton Comercial
2024,February,1,Carton Comercial,7,Chamberí,106.06,2024-Febrero-7-1-Carton Comercial
2024,February,1,Carton Comercial,8,Fuencarral-El Pardo,29.24,2024-Febrero-8-1-Carton Comercial
2024,February,1,Carton Comercial,10,Latina,35.42,2024-Febrero-10-1-Carton Comercial
2024,February,1,Clinicos,1,Centro,185.72,2024-Febrero-1-1-Clinicos
2024,February,1,Clinicos,6,Tetuán,16.32,2024-Febrero-6-1-Clinicos
2024,February,1,Clinicos,8,Fuencarral-El Pardo,313.12,2024-Febrero-8-1-Clinicos
2024,February,1,Clinicos,9,Moncloa-Aravaca,262.22,2024-Febrero-9-1-Clinicos
2024,February,1,Clinicos,10,Latina,28.94,2024-Febrero-10-1-Clinicos
2024,February,1,Envases,1,Centro,304.1,2024-Febrero-1-1-Envases
2024,February,1,Envases,6,Tetuán,448.42,2024-Febrero-6-1-Envases
2024,February,1,Envases,7,Chamberí,485.56,2024-Febrero-7-1-Envases
2024,February,1,Envases,8,Fuencarral-El Pardo,685.08,2024-Febrero-8-1-Envases
2024,February,1,Envases,9,Moncloa-Aravaca,445.76,2024-Febrero-9-1-Envases
2024,February,1,Envases,10,Latina,700.88,2024-Febrero-10-1-Envases
2024,February,1,Organica,1,Centro,2004.72,2024-Febrero-1-1-Organica
2024,February,1,Organica,6,Tetuán,1025.18,2024-Febrero-6-1-Organica
2024,February,1,Organica,7,Chamberí,1122.39,2024-Febrero-7-1-Organica
2024,February,1,Organica,8,Fuencarral-El Pardo,1567.8,2024-Febrero-8-1-Organica
2024,February,1,Organica,9,Moncloa-Aravaca,1114.46,2024-Febrero-9-1-Organica
2024,February,1,Organica,10,Latina,1378.54,2024-Febrero-10-1-Organica
2024,February,1,Papel-carton,1,Centro,491.52,2024-Febrero-1-1-Papel-carton
2024,February,1,Papel-carton,6,Tetuán,396.66,2024-Febrero-6-1-Papel-carton
2024,February,1,Papel-carton,7,Chamberí,276.48,2024-Febrero-7-1-Papel-carton
2024,February,1,Papel-carton,8,Fuencarral-El Pardo,645.36,2024-Febrero-8-1-Papel-carton
2024,February,1,Papel-carton,9,Moncloa-Aravaca,291.56,2024-Febrero-9-1-Papel-carton
2024,February,1,Papel-carton,10,Latina,325.62,2024-Febrero-10-1-Papel-carton
2024,February,1,Pilas,1,Centro,0.104885682,2024-Febrero-1-1-Pilas
2024,February,1,Pilas,6,Tetuán,0.123640261,2024-Febrero-6-1-Pilas
2024,February,1,Pilas,7,Chamberí,0.081320539,2024-Febrero-7-1-Pilas
2024,February,1,Pilas,8,Fuencarral-El Pardo,0.12810343,2024-Febrero-8-1-Pilas
2024,February,1,Pilas,9,Moncloa-Aravaca,0.079945646,2024-Febrero-9-1-Pilas
2024,February,1,Pilas,10,Latina,0.150080947,2024-Febrero-10-1-Pilas
2024,February,1,Puntos Limpios,8,Fuencarral-El Pardo,149.46,2024-Febrero-8-1-Puntos Limpios
2024,February,1,Puntos Limpios,9,Moncloa-Aravaca,54.94,2024-Febrero-9-1-Puntos Limpios
2024,February,1,Puntos Limpios,10,Latina,165.38,2024-Febrero-10-1-Puntos Limpios
2024,February,1,Rcd,1,Centro,110.595,2024-Febrero-1-1-Rcd
2024,February,1,Rcd,6,Tetuán,48.915,2024-Febrero-6-1-Rcd
2024,February,1,Rcd,7,Chamberí,54.99,2024-Febrero-7-1-Rcd
2024,February,1,Rcd,8,Fuencarral-El Pardo,123.78,2024-Febrero-8-1-Rcd
2024,February,1,Rcd,9,Moncloa-Aravaca,70.385,2024-Febrero-9-1-Rcd
2024,February,1,Rcd,10,Latina,55.725,2024-Febrero-10-1-Rcd
2024,February,1,Resto,1,Centro,3108.28,2024-Febrero-1-1-Resto
2024,February,1,Resto,6,Tetuán,2143.86,2024-Febrero-6-1-Resto
2024,February,1,Resto,7,Chamberí,1701.62,2024-Febrero-7-1-Resto
2024,February,1,Resto,8,Fuencarral-El Pardo,2932.8,2024-Febrero-8-1-Resto
2024,February,1,Resto,9,Moncloa-Aravaca,1977.3,2024-Febrero-9-1-Resto
2024,February,1,Resto,10,Latina,2836,2024-Febrero-10-1-Resto
2024,February,1,Ropa,1,Centro,13.135,2024-Febrero-1-1-Ropa
2024,February,1,Ropa,6,Tetuán,11.08,2024-Febrero-6-1-Ropa
2024,February,1,Ropa,7,Chamberí,14.865,2024-Febrero-7-1-Ropa
2024,February,1,Ropa,8,Fuencarral-El Pardo,12.065,2024-Febrero-8-1-Ropa
2024,February,1,Ropa,9,Moncloa-Aravaca,10.875,2024-Febrero-9-1-Ropa
2024,February,1,Ropa,10,Latina,23.025,2024-Febrero-10-1-Ropa
2024,February,1,Vidrio,1,Centro,624.14,2024-Febrero-1-1-Vidrio
2024,February,1,Vidrio,6,Tetuán,306.04,2024-Febrero-6-1-Vidrio
2024,February,1,Vidrio,7,Chamberí,332.24,2024-Febrero-7-1-Vidrio
2024,February,1,Vidrio,8,Fuencarral-El Pardo,235.88,2024-Febrero-8-1-Vidrio
2024,February,1,Vidrio,9,Moncloa-Aravaca,336.96,2024-Febrero-9-1-Vidrio
2024,February,1,Vidrio,10,Latina,232.76,2024-Febrero-10-1-Vidrio
2024,February,1,Vidrio Comercial,1,Centro,114.92,2024-Febrero-1-1-Vidrio Comercial
2024,February,2,Carton Comercial,3,Retiro,50.38,2024-Febrero-3-2-Carton Comercial
2024,February,2,Carton Comercial,4,Salamanca,74,2024-Febrero-4-2-Carton Comercial
2024,February,2,Carton Comercial,5,Chamartín,69.26,2024-Febrero-5-2-Carton Comercial
2024,February,2,Carton Comercial,14,Moratalaz,31.3,2024-Febrero-14-2-Carton Comercial
2024,February,2,Carton Comercial,15,Ciudad Lineal,39.88,2024-Febrero-15-2-Carton Comercial
2024,February,2,Carton Comercial,16,Hortaleza,41.3,2024-Febrero-16-2-Carton Comercial
2024,February,2,Carton Comercial,19,Vicálvaro,29.48,2024-Febrero-19-2-Carton Comercial
2024,February,2,Carton Comercial,20,San Blas-Canillejas,1.7,2024-Febrero-20-2-Carton Comercial
2024,February,2,Carton Comercial,21,Barajas,20.06,2024-Febrero-21-2-Carton Comercial
2024,February,2,Clinicos,3,Retiro,182.3,2024-Febrero-3-2-Clinicos
2024,February,2,Clinicos,4,Salamanca,125.52,2024-Febrero-4-2-Clinicos
2024,February,2,Clinicos,15,Ciudad Lineal,139.42,2024-Febrero-15-2-Clinicos
2024,February,2,Contenedores De Ropa,16,Hortaleza,0.54,2024-Febrero-16-2-Contenedores De Ropa
2024,February,2,Envases,3,Retiro,329.4,2024-Febrero-3-2-Envases
2024,February,2,Envases,4,Salamanca,483.24,2024-Febrero-4-2-Envases
2024,February,2,Envases,5,Chamartín,469.68,2024-Febrero-5-2-Envases
2024,February,2,Envases,14,Moratalaz,234.76,2024-Febrero-14-2-Envases
2024,February,2,Envases,15,Ciudad Lineal,693.04,2024-Febrero-15-2-Envases
2024,February,2,Envases,16,Hortaleza,634.34,2024-Febrero-16-2-Envases
2024,February,2,Envases,19,Vicálvaro,304.92,2024-Febrero-19-2-Envases
2024,February,2,Envases,20,San Blas-Canillejas,495.16,2024-Febrero-20-2-Envases
2024,February,2,Envases,21,Barajas,147.82,2024-Febrero-21-2-Envases
2024,February,2,Organica,3,Retiro,891.92,2024-Febrero-3-2-Organica
2024,February,2,Organica,4,Salamanca,1546.7,2024-Febrero-4-2-Organica
2024,February,2,Organica,5,Chamartín,1265.68,2024-Febrero-5-2-Organica
2024,February,2,Organica,14,Moratalaz,321.48,2024-Febrero-14-2-Organica
2024,February,2,Organica,15,Ciudad Lineal,1023.08,2024-Febrero-15-2-Organica
2024,February,2,Organica,16,Hortaleza,1099.88,2024-Febrero-16-2-Organica
2024,February,2,Organica,19,Vicálvaro,753.56,2024-Febrero-19-2-Organica
2024,February,2,Organica,20,San Blas-Canillejas,976.88,2024-Febrero-20-2-Organica
2024,February,2,Organica,21,Barajas,480.68,2024-Febrero-21-2-Organica
2024,February,2,Papel-carton,3,Retiro,269.76,2024-Febrero-3-2-Papel-carton
2024,February,2,Papel-carton,4,Salamanca,563.7,2024-Febrero-4-2-Papel-carton
2024,February,2,Papel-carton,5,Chamartín,315.52,2024-Febrero-5-2-Papel-carton
2024,February,2,Papel-carton,14,Moratalaz,218.3,2024-Febrero-14-2-Papel-carton
2024,February,2,Papel-carton,15,Ciudad Lineal,320.68,2024-Febrero-15-2-Papel-carton
2024,February,2,Papel-carton,16,Hortaleza,401.24,2024-Febrero-16-2-Papel-carton
2024,February,2,Papel-carton,19,Vicálvaro,88.34,2024-Febrero-19-2-Papel-carton
2024,February,2,Papel-carton,20,San Blas-Canillejas,319.66,2024-Febrero-20-2-Papel-carton
2024,February,2,Papel-carton,21,Barajas,92.6,2024-Febrero-21-2-Papel-carton
2024,February,2,Pilas,3,Retiro,0.037365419,2024-Febrero-3-2-Pilas
2024,February,2,Pilas,4,Salamanca,0.090765757,2024-Febrero-4-2-Pilas
2024,February,2,Pilas,5,Chamartín,0.101039558,2024-Febrero-5-2-Pilas
2024,February,2,Pilas,14,Moratalaz,0.049482855,2024-Febrero-14-2-Pilas
2024,February,2,Pilas,15,Ciudad Lineal,0.087959959,2024-Febrero-15-2-Pilas
2024,February,2,Pilas,16,Hortaleza,0.172778425,2024-Febrero-16-2-Pilas
2024,February,2,Pilas,19,Vicálvaro,0.073827,2024-Febrero-19-2-Pilas
2024,February,2,Pilas,20,San Blas-Canillejas,0.07881692,2024-Febrero-20-2-Pilas
2024,February,2,Pilas,21,Barajas,0.081046619,2024-Febrero-21-2-Pilas
2024,February,2,Puntos Limpios,3,Retiro,3.34,2024-Febrero-3-2-Puntos Limpios
2024,February,2,Puntos Limpios,5,Chamartín,110.96,2024-Febrero-5-2-Puntos Limpios
2024,February,2,Puntos Limpios,14,Moratalaz,70.12,2024-Febrero-14-2-Puntos Limpios
2024,February,2,Puntos Limpios,15,Ciudad Lineal,77.18,2024-Febrero-15-2-Puntos Limpios
2024,February,2,Puntos Limpios,16,Hortaleza,65.7,2024-Febrero-16-2-Puntos Limpios
2024,February,2,Puntos Limpios,19,Vicálvaro,34.14,2024-Febrero-19-2-Puntos Limpios
2024,February,2,Puntos Limpios,20,San Blas-Canillejas,61.64,2024-Febrero-20-2-Puntos Limpios
2024,February,2,Puntos Limpios,21,Barajas,39.94,2024-Febrero-21-2-Puntos Limpios
2024,February,2,Rcd,3,Retiro,14.62,2024-Febrero-3-2-Rcd
2024,February,2,Rcd,4,Salamanca,45.48,2024-Febrero-4-2-Rcd
2024,February,2,Rcd,5,Chamartín,151.48,2024-Febrero-5-2-Rcd
2024,February,2,Rcd,14,Moratalaz,55.46,2024-Febrero-14-2-Rcd
2024,February,2,Rcd,15,Ciudad Lineal,122.63,2024-Febrero-15-2-Rcd
2024,February,2,Rcd,16,Hortaleza,89.44,2024-Febrero-16-2-Rcd
2024,February,2,Rcd,19,Vicálvaro,85.23,2024-Febrero-19-2-Rcd
2024,February,2,Rcd,20,San Blas-Canillejas,72.88,2024-Febrero-20-2-Rcd
2024,February,2,Rcd,21,Barajas,66.73,2024-Febrero-21-2-Rcd
2024,February,2,Resto,3,Retiro,1185.32,2024-Febrero-3-2-Resto
2024,February,2,Resto,4,Salamanca,1585.36,2024-Febrero-4-2-Resto
2024,February,2,Resto,5,Chamartín,1694.5,2024-Febrero-5-2-Resto
2024,February,2,Resto,14,Moratalaz,1006.44,2024-Febrero-14-2-Resto
2024,February,2,Resto,15,Ciudad Lineal,2643.72,2024-Febrero-15-2-Resto
2024,February,2,Resto,16,Hortaleza,2157.86,2024-Febrero-16-2-Resto
2024,February,2,Resto,19,Vicálvaro,1499.44,2024-Febrero-19-2-Resto
2024,February,2,Resto,20,San Blas-Canillejas,2060.34,2024-Febrero-20-2-Resto
2024,February,2,Resto,21,Barajas,781.2,2024-Febrero-21-2-Resto
2024,February,2,Ropa,3,Retiro,4.3,2024-Febrero-3-2-Ropa
2024,February,2,Ropa,4,Salamanca,9,2024-Febrero-4-2-Ropa
2024,February,2,Ropa,5,Chamartín,13.02,2024-Febrero-5-2-Ropa
2024,February,2,Ropa,14,Moratalaz,5.2,2024-Febrero-14-2-Ropa
2024,February,2,Ropa,15,Ciudad Lineal,6.47,2024-Febrero-15-2-Ropa
2024,February,2,Ropa,16,Hortaleza,6.85,2024-Febrero-16-2-Ropa
2024,February,2,Ropa,19,Vicálvaro,5.58,2024-Febrero-19-2-Ropa
2024,February,2,Ropa,20,San Blas-Canillejas,8.59,2024-Febrero-20-2-Ropa
2024,February,2,Ropa,21,Barajas,5.09,2024-Febrero-21-2-Ropa
2024,February,2,Vidrio,3,Retiro,328.1,2024-Febrero-3-2-Vidrio
2024,February,2,Vidrio,4,Salamanca,288.2,2024-Febrero-4-2-Vidrio
2024,February,2,Vidrio,5,Chamartín,222.92,2024-Febrero-5-2-Vidrio
2024,February,2,Vidrio,14,Moratalaz,223.64,2024-Febrero-14-2-Vidrio
2024,February,2,Vidrio,15,Ciudad Lineal,165.12,2024-Febrero-15-2-Vidrio
2024,February,2,Vidrio,16,Hortaleza,150.86,2024-Febrero-16-2-Vidrio
2024,February,2,Vidrio,19,Vicálvaro,107.08,2024-Febrero-19-2-Vidrio
2024,February,2,Vidrio,20,San Blas-Canillejas,193.24,2024-Febrero-20-2-Vidrio
2024,February,2,Vidrio,21,Barajas,132.4,2024-Febrero-21-2-Vidrio
2024,February,2,Vidrio Comercial,4,Salamanca,142.26,2024-Febrero-4-2-Vidrio Comercial
2024,February,3,Animales Muertos,99,Sin Distrito,8.94,2024-Febrero-99-3-Animales Muertos
2024,February,3,Carton Comercial,2,Arganzuela,37.7,2024-Febrero-2-3-Carton Comercial
2024,February,3,Carton Comercial,11,Carabanchel,40.18,2024-Febrero-11-3-Carton Comercial
2024,February,3,Carton Comercial,12,Usera,41.72,2024-Febrero-12-3-Carton Comercial
2024,February,3,Carton Comercial,13,Puente de Vallecas,42.38,2024-Febrero-13-3-Carton Comercial
2024,February,3,Carton Comercial,17,Villaverde,24.56,2024-Febrero-17-3-Carton Comercial
2024,February,3,Carton Comercial,18,Villa de Vallecas,21.04,2024-Febrero-18-3-Carton Comercial
2024,February,3,Clinicos,12,Usera,167.76,2024-Febrero-12-3-Clinicos
2024,February,3,Clinicos,13,Puente de Vallecas,37.66,2024-Febrero-13-3-Clinicos
2024,February,3,Envases,2,Arganzuela,464.76,2024-Febrero-2-3-Envases
2024,February,3,Envases,11,Carabanchel,951.16,2024-Febrero-11-3-Envases
2024,February,3,Envases,12,Usera,468.46,2024-Febrero-12-3-Envases
2024,February,3,Envases,13,Puente de Vallecas,812.82,2024-Febrero-13-3-Envases
2024,February,3,Envases,17,Villaverde,392.46,2024-Febrero-17-3-Envases
2024,February,3,Envases,18,Villa de Vallecas,366.36,2024-Febrero-18-3-Envases
2024,February,3,Organica,2,Arganzuela,750.28,2024-Febrero-2-3-Organica
2024,February,3,Organica,11,Carabanchel,1461.78,2024-Febrero-11-3-Organica
2024,February,3,Organica,12,Usera,866.08,2024-Febrero-12-3-Organica
2024,February,3,Organica,13,Puente de Vallecas,1464.14,2024-Febrero-13-3-Organica
2024,February,3,Organica,17,Villaverde,1116.9,2024-Febrero-17-3-Organica
2024,February,3,Organica,18,Villa de Vallecas,1823.04,2024-Febrero-18-3-Organica
2024,February,3,Papel-carton,2,Arganzuela,354.04,2024-Febrero-2-3-Papel-carton
2024,February,3,Papel-carton,11,Carabanchel,297.5,2024-Febrero-11-3-Papel-carton
2024,February,3,Papel-carton,12,Usera,182.5,2024-Febrero-12-3-Papel-carton
2024,February,3,Papel-carton,13,Puente de Vallecas,252,2024-Febrero-13-3-Papel-carton
2024,February,3,Papel-carton,17,Villaverde,193.36,2024-Febrero-17-3-Papel-carton
2024,February,3,Papel-carton,18,Villa de Vallecas,165.86,2024-Febrero-18-3-Papel-carton
2024,February,3,Pilas,2,Arganzuela,0.083376414,2024-Febrero-2-3-Pilas
2024,February,3,Pilas,11,Carabanchel,0.148055066,2024-Febrero-11-3-Pilas
2024,February,3,Pilas,12,Usera,0.127813203,2024-Febrero-12-3-Pilas
2024,February,3,Pilas,13,Puente de Vallecas,0.078316051,2024-Febrero-13-3-Pilas
2024,February,3,Pilas,17,Villaverde,0.071598245,2024-Febrero-17-3-Pilas
2024,February,3,Pilas,18,Villa de Vallecas,0.039300663,2024-Febrero-18-3-Pilas
2024,February,3,Pilas,99,Sin Distrito,5.345,2024-Febrero-99-3-Pilas
2024,February,3,Puntos Limpios,2,Arganzuela,66.3,2024-Febrero-2-3-Puntos Limpios
2024,February,3,Puntos Limpios,11,Carabanchel,62.78,2024-Febrero-11-3-Puntos Limpios
2024,February,3,Puntos Limpios,12,Usera,38.02,2024-Febrero-12-3-Puntos Limpios
2024,February,3,Puntos Limpios,13,Puente de Vallecas,42.36,2024-Febrero-13-3-Puntos Limpios
2024,February,3,Puntos Limpios,17,Villaverde,44.9,2024-Febrero-17-3-Puntos Limpios
2024,February,3,Puntos Limpios,18,Villa de Vallecas,80,2024-Febrero-18-3-Puntos Limpios
2024,February,3,Rcd,2,Arganzuela,37.85,2024-Febrero-2-3-Rcd
2024,February,3,Rcd,11,Carabanchel,93.77,2024-Febrero-11-3-Rcd
2024,February,3,Rcd,12,Usera,68.34,2024-Febrero-12-3-Rcd
2024,February,3,Rcd,13,Puente de Vallecas,43.67,2024-Febrero-13-3-Rcd
2024,February,3,Rcd,17,Villaverde,94.21,2024-Febrero-17-3-Rcd
2024,February,3,Rcd,18,Villa de Vallecas,50.09,2024-Febrero-18-3-Rcd
2024,February,3,Resto,2,Arganzuela,1522.58,2024-Febrero-2-3-Resto
2024,February,3,Resto,11,Carabanchel,3501.88,2024-Febrero-11-3-Resto
2024,February,3,Resto,12,Usera,1401.72,2024-Febrero-12-3-Resto
2024,February,3,Resto,13,Puente de Vallecas,3034.16,2024-Febrero-13-3-Resto
2024,February,3,Resto,17,Villaverde,2223.04,2024-Febrero-17-3-Resto
2024,February,3,Resto,18,Villa de Vallecas,2205.5,2024-Febrero-18-3-Resto
2024,February,3,Ropa,2,Arganzuela,9.8,2024-Febrero-2-3-Ropa
2024,February,3,Ropa,11,Carabanchel,8.865,2024-Febrero-11-3-Ropa
2024,February,3,Ropa,12,Usera,5.415,2024-Febrero-12-3-Ropa
2024,February,3,Ropa,13,Puente de Vallecas,10.105,2024-Febrero-13-3-Ropa
2024,February,3,Ropa,17,Villaverde,8.535,2024-Febrero-17-3-Ropa
2024,February,3,Ropa,18,Villa de Vallecas,7.25,2024-Febrero-18-3-Ropa
2024,February,3,Vidrio,2,Arganzuela,166.48,2024-Febrero-2-3-Vidrio
2024,February,3,Vidrio,11,Carabanchel,181.54,2024-Febrero-11-3-Vidrio
2024,February,3,Vidrio,12,Usera,157.74,2024-Febrero-12-3-Vidrio
2024,February,3,Vidrio,13,Puente de Vallecas,185.26,2024-Febrero-13-3-Vidrio
2024,February,3,Vidrio,17,Villaverde,186.18,2024-Febrero-17-3-Vidrio
2024,February,3,Vidrio,18,Villa de Vallecas,172.76,2024-Febrero-18-3-Vidrio
2024,March,1,Cama De Caballo,9,Moncloa-Aravaca,126.085,2024-Marzo-9-1-Cama De Caballo
2024,March,1,Carton Comercial,1,Centro,248.22,2024-Marzo-1-1-Carton Comercial
2024,March,1,Carton Comercial,6,Tetuán,67.7,2024-Marzo-6-1-Carton Comercial
2024,March,1,Carton Comercial,7,Chamberí,98.02,2024-Marzo-7-1-Carton Comercial
2024,March,1,Carton Comercial,8,Fuencarral-El Pardo,27.58,2024-Marzo-8-1-Carton Comercial
2024,March,1,Carton Comercial,10,Latina,36.56,2024-Marzo-10-1-Carton Comercial
2024,March,1,Clinicos,1,Centro,179.12,2024-Marzo-1-1-Clinicos
2024,March,1,Clinicos,6,Tetuán,17.02,2024-Marzo-6-1-Clinicos
2024,March,1,Clinicos,8,Fuencarral-El Pardo,310.08,2024-Marzo-8-1-Clinicos
2024,March,1,Clinicos,9,Moncloa-Aravaca,252.78,2024-Marzo-9-1-Clinicos
2024,March,1,Clinicos,10,Latina,31.6,2024-Marzo-10-1-Clinicos
2024,March,1,Contenedores De Ropa,8,Fuencarral-El Pardo,0.54,2024-Marzo-8-1-Contenedores De Ropa
2024,March,1,Contenedores De Ropa,9,Moncloa-Aravaca,0.18,2024-Marzo-9-1-Contenedores De Ropa
2024,March,1,Envases,1,Centro,327.84,2024-Marzo-1-1-Envases
2024,March,1,Envases,6,Tetuán,481.18,2024-Marzo-6-1-Envases
2024,March,1,Envases,7,Chamberí,504.04,2024-Marzo-7-1-Envases
2024,March,1,Envases,8,Fuencarral-El Pardo,709,2024-Marzo-8-1-Envases
2024,March,1,Envases,9,Moncloa-Aravaca,451.64,2024-Marzo-9-1-Envases
2024,March,1,Envases,10,Latina,728.6,2024-Marzo-10-1-Envases
2024,March,1,Organica,1,Centro,2250.26,2024-Marzo-1-1-Organica
2024,March,1,Organica,6,Tetuán,1090.46,2024-Marzo-6-1-Organica
2024,March,1,Organica,7,Chamberí,1134.4,2024-Marzo-7-1-Organica
2024,March,1,Organica,8,Fuencarral-El Pardo,1594.4,2024-Marzo-8-1-Organica
2024,March,1,Organica,9,Moncloa-Aravaca,1101.6,2024-Marzo-9-1-Organica
2024,March,1,Organica,10,Latina,1404.52,2024-Marzo-10-1-Organica
2024,March,1,Papel-carton,1,Centro,498.98,2024-Marzo-1-1-Papel-carton
2024,March,1,Papel-carton,6,Tetuán,393.32,2024-Marzo-6-1-Papel-carton
2024,March,1,Papel-carton,7,Chamberí,288.98,2024-Marzo-7-1-Papel-carton
2024,March,1,Papel-carton,8,Fuencarral-El Pardo,657.46,2024-Marzo-8-1-Papel-carton
2024,March,1,Papel-carton,9,Moncloa-Aravaca,284.58,2024-Marzo-9-1-Papel-carton
2024,March,1,Papel-carton,10,Latina,343.88,2024-Marzo-10-1-Papel-carton
2024,March,1,Pilas,1,Centro,0.107370299,2024-Marzo-1-1-Pilas
2024,March,1,Pilas,6,Tetuán,0.126339939,2024-Marzo-6-1-Pilas
2024,March,1,Pilas,7,Chamberí,0.083538329,2024-Marzo-7-1-Pilas
2024,March,1,Pilas,8,Fuencarral-El Pardo,0.131152253,2024-Marzo-8-1-Pilas
2024,March,1,Pilas,9,Moncloa-Aravaca,0.0818616,2024-Marzo-9-1-Pilas
2024,March,1,Pilas,10,Latina,0.154087295,2024-Marzo-10-1-Pilas
2024,March,1,Puntos Limpios,8,Fuencarral-El Pardo,149.7,2024-Marzo-8-1-Puntos Limpios
2024,March,1,Puntos Limpios,9,Moncloa-Aravaca,51.78,2024-Marzo-9-1-Puntos Limpios
2024,March,1,Puntos Limpios,10,Latina,98.78,2024-Marzo-10-1-Puntos Limpios
2024,March,1,Rcd,1,Centro,140.215,2024-Marzo-1-1-Rcd
2024,March,1,Rcd,6,Tetuán,18.445,2024-Marzo-6-1-Rcd
2024,March,1,Rcd,7,Chamberí,44.86,2024-Marzo-7-1-Rcd
2024,March,1,Rcd,8,Fuencarral-El Pardo,135.675,2024-Marzo-8-1-Rcd
2024,March,1,Rcd,9,Moncloa-Aravaca,84.35,2024-Marzo-9-1-Rcd
2024,March,1,Rcd,10,Latina,61.935,2024-Marzo-10-1-Rcd
2024,March,1,Resto,1,Centro,3249.86,2024-Marzo-1-1-Resto
2024,March,1,Resto,6,Tetuán,2165.68,2024-Marzo-6-1-Resto
2024,March,1,Resto,7,Chamberí,1643.66,2024-Marzo-7-1-Resto
2024,March,1,Resto,8,Fuencarral-El Pardo,2909.02,2024-Marzo-8-1-Resto
2024,March,1,Resto,9,Moncloa-Aravaca,1887.76,2024-Marzo-9-1-Resto
2024,March,1,Resto,10,Latina,2829.8,2024-Marzo-10-1-Resto
2024,March,1,Ropa,1,Centro,13.02,2024-Marzo-1-1-Ropa
2024,March,1,Ropa,6,Tetuán,9.695,2024-Marzo-6-1-Ropa
2024,March,1,Ropa,7,Chamberí,15.84,2024-Marzo-7-1-Ropa
2024,March,1,Ropa,8,Fuencarral-El Pardo,13.97,2024-Marzo-8-1-Ropa
2024,March,1,Ropa,9,Moncloa-Aravaca,10.465,2024-Marzo-9-1-Ropa
2024,March,1,Ropa,10,Latina,24.375,2024-Marzo-10-1-Ropa
2024,March,1,Vidrio,1,Centro,683.42,2024-Marzo-1-1-Vidrio
2024,March,1,Vidrio,6,Tetuán,236.92,2024-Marzo-6-1-Vidrio
2024,March,1,Vidrio,7,Chamberí,434.96,2024-Marzo-7-1-Vidrio
2024,March,1,Vidrio,8,Fuencarral-El Pardo,194,2024-Marzo-8-1-Vidrio
2024,March,1,Vidrio,9,Moncloa-Aravaca,242.68,2024-Marzo-9-1-Vidrio
2024,March,1,Vidrio,10,Latina,224.68,2024-Marzo-10-1-Vidrio
2024,March,1,Vidrio Comercial,1,Centro,123.8,2024-Marzo-1-1-Vidrio Comercial
2024,March,2,Carton Comercial,3,Retiro,47.34,2024-Marzo-3-2-Carton Comercial
2024,March,2,Carton Comercial,4,Salamanca,50.48,2024-Marzo-4-2-Carton Comercial
2024,March,2,Carton Comercial,5,Chamartín,51.28,2024-Marzo-5-2-Carton Comercial
2024,March,2,Carton Comercial,14,Moratalaz,33.54,2024-Marzo-14-2-Carton Comercial
2024,March,2,Carton Comercial,15,Ciudad Lineal,45.7,2024-Marzo-15-2-Carton Comercial
2024,March,2,Carton Comercial,16,Hortaleza,51.4,2024-Marzo-16-2-Carton Comercial
2024,March,2,Carton Comercial,19,Vicálvaro,32.76,2024-Marzo-19-2-Carton Comercial
2024,March,2,Carton Comercial,21,Barajas,35.14,2024-Marzo-21-2-Carton Comercial
2024,March,2,Clinicos,3,Retiro,180.72,2024-Marzo-3-2-Clinicos
2024,March,2,Clinicos,4,Salamanca,122.82,2024-Marzo-4-2-Clinicos
2024,March,2,Clinicos,15,Ciudad Lineal,131.6,2024-Marzo-15-2-Clinicos
2024,March,2,Contenedores De Ropa,19,Vicálvaro,0.36,2024-Marzo-19-2-Contenedores De Ropa
2024,March,2,Contenedores De Ropa,20,San Blas-Canillejas,0.54,2024-Marzo-20-2-Contenedores De Ropa
2024,March,2,Envases,3,Retiro,336.54,2024-Marzo-3-2-Envases
2024,March,2,Envases,4,Salamanca,505.8,2024-Marzo-4-2-Envases
2024,March,2,Envases,5,Chamartín,470.78,2024-Marzo-5-2-Envases
2024,March,2,Envases,14,Moratalaz,253.74,2024-Marzo-14-2-Envases
2024,March,2,Envases,15,Ciudad Lineal,744.02,2024-Marzo-15-2-Envases
2024,March,2,Envases,16,Hortaleza,659.82,2024-Marzo-16-2-Envases
2024,March,2,Envases,19,Vicálvaro,312.64,2024-Marzo-19-2-Envases
2024,March,2,Envases,20,San Blas-Canillejas,532.56,2024-Marzo-20-2-Envases
2024,March,2,Envases,21,Barajas,149.74,2024-Marzo-21-2-Envases
2024,March,2,Organica,3,Retiro,923.38,2024-Marzo-3-2-Organica
2024,March,2,Organica,4,Salamanca,1563.14,2024-Marzo-4-2-Organica
2024,March,2,Organica,5,Chamartín,1277.74,2024-Marzo-5-2-Organica
2024,March,2,Organica,14,Moratalaz,373.84,2024-Marzo-14-2-Organica
2024,March,2,Organica,15,Ciudad Lineal,1105.8,2024-Marzo-15-2-Organica
2024,March,2,Organica,16,Hortaleza,1175.5,2024-Marzo-16-2-Organica
2024,March,2,Organica,19,Vicálvaro,802.14,2024-Marzo-19-2-Organica
2024,March,2,Organica,20,San Blas-Canillejas,1017.12,2024-Marzo-20-2-Organica
2024,March,2,Organica,21,Barajas,463.66,2024-Marzo-21-2-Organica
2024,March,2,Papel-carton,3,Retiro,269.6,2024-Marzo-3-2-Papel-carton
2024,March,2,Papel-carton,4,Salamanca,547.7,2024-Marzo-4-2-Papel-carton
2024,March,2,Papel-carton,5,Chamartín,330.9,2024-Marzo-5-2-Papel-carton
2024,March,2,Papel-carton,14,Moratalaz,190.46,2024-Marzo-14-2-Papel-carton
2024,March,2,Papel-carton,15,Ciudad Lineal,346.12,2024-Marzo-15-2-Papel-carton
2024,March,2,Papel-carton,16,Hortaleza,425.56,2024-Marzo-16-2-Papel-carton
2024,March,2,Papel-carton,19,Vicálvaro,76.32,2024-Marzo-19-2-Papel-carton
2024,March,2,Papel-carton,20,San Blas-Canillejas,349.9,2024-Marzo-20-2-Papel-carton
2024,March,2,Papel-carton,21,Barajas,87.14,2024-Marzo-21-2-Papel-carton
2024,March,2,Pilas,3,Retiro,0.03831446,2024-Marzo-3-2-Pilas
2024,March,2,Pilas,4,Salamanca,0.09330021,2024-Marzo-4-2-Pilas
2024,March,2,Pilas,5,Chamartín,0.103696223,2024-Marzo-5-2-Pilas
2024,March,2,Pilas,14,Moratalaz,0.050903964,2024-Marzo-14-2-Pilas
2024,March,2,Pilas,15,Ciudad Lineal,0.090446135,2024-Marzo-15-2-Pilas
2024,March,2,Pilas,16,Hortaleza,0.176653443,2024-Marzo-16-2-Pilas
2024,March,2,Pilas,19,Vicálvaro,0.075557672,2024-Marzo-19-2-Pilas
2024,March,2,Pilas,20,San Blas-Canillejas,0.080563726,2024-Marzo-20-2-Pilas
2024,March,2,Pilas,21,Barajas,0.083068867,2024-Marzo-21-2-Pilas
2024,March,2,Puntos Limpios,3,Retiro,2.5,2024-Marzo-3-2-Puntos Limpios
2024,March,2,Puntos Limpios,5,Chamartín,95.52,2024-Marzo-5-2-Puntos Limpios
2024,March,2,Puntos Limpios,14,Moratalaz,54.74,2024-Marzo-14-2-Puntos Limpios
2024,March,2,Puntos Limpios,15,Ciudad Lineal,61.64,2024-Marzo-15-2-Puntos Limpios
2024,March,2,Puntos Limpios,16,Hortaleza,73.92,2024-Marzo-16-2-Puntos Limpios
2024,March,2,Puntos Limpios,19,Vicálvaro,32.62,2024-Marzo-19-2-Puntos Limpios
2024,March,2,Puntos Limpios,20,San Blas-Canillejas,52.44,2024-Marzo-20-2-Puntos Limpios
2024,March,2,Puntos Limpios,21,Barajas,43.24,2024-Marzo-21-2-Puntos Limpios
2024,March,2,Rcd,3,Retiro,39.07,2024-Marzo-3-2-Rcd
2024,March,2,Rcd,4,Salamanca,45.69,2024-Marzo-4-2-Rcd
2024,March,2,Rcd,5,Chamartín,132.01,2024-Marzo-5-2-Rcd
2024,March,2,Rcd,14,Moratalaz,74.55,2024-Marzo-14-2-Rcd
2024,March,2,Rcd,15,Ciudad Lineal,96.32,2024-Marzo-15-2-Rcd
2024,March,2,Rcd,16,Hortaleza,68.28,2024-Marzo-16-2-Rcd
2024,March,2,Rcd,19,Vicálvaro,48.98,2024-Marzo-19-2-Rcd
2024,March,2,Rcd,20,San Blas-Canillejas,76.44,2024-Marzo-20-2-Rcd
2024,March,2,Rcd,21,Barajas,41.73,2024-Marzo-21-2-Rcd
2024,March,2,Resto,3,Retiro,1091.62,2024-Marzo-3-2-Resto
2024,March,2,Resto,4,Salamanca,1544.94,2024-Marzo-4-2-Resto
2024,March,2,Resto,5,Chamartín,1613.74,2024-Marzo-5-2-Resto
2024,March,2,Resto,14,Moratalaz,976.2,2024-Marzo-14-2-Resto
2024,March,2,Resto,15,Ciudad Lineal,2504.1,2024-Marzo-15-2-Resto
2024,March,2,Resto,16,Hortaleza,2126.6,2024-Marzo-16-2-Resto
2024,March,2,Resto,19,Vicálvaro,1490.9,2024-Marzo-19-2-Resto
2024,March,2,Resto,20,San Blas-Canillejas,2062.74,2024-Marzo-20-2-Resto
2024,March,2,Resto,21,Barajas,751.44,2024-Marzo-21-2-Resto
2024,March,2,Ropa,3,Retiro,6.22,2024-Marzo-3-2-Ropa
2024,March,2,Ropa,4,Salamanca,7.63,2024-Marzo-4-2-Ropa
2024,March,2,Ropa,5,Chamartín,18.65,2024-Marzo-5-2-Ropa
2024,March,2,Ropa,14,Moratalaz,4.95,2024-Marzo-14-2-Ropa
2024,March,2,Ropa,15,Ciudad Lineal,7.23,2024-Marzo-15-2-Ropa
2024,March,2,Ropa,16,Hortaleza,7.5,2024-Marzo-16-2-Ropa
2024,March,2,Ropa,19,Vicálvaro,3.89,2024-Marzo-19-2-Ropa
2024,March,2,Ropa,20,San Blas-Canillejas,7.66,2024-Marzo-20-2-Ropa
2024,March,2,Ropa,21,Barajas,5.79,2024-Marzo-21-2-Ropa
2024,March,2,Vidrio,3,Retiro,437.56,2024-Marzo-3-2-Vidrio
2024,March,2,Vidrio,4,Salamanca,356.24,2024-Marzo-4-2-Vidrio
2024,March,2,Vidrio,5,Chamartín,216.02,2024-Marzo-5-2-Vidrio
2024,March,2,Vidrio,14,Moratalaz,254.92,2024-Marzo-14-2-Vidrio
2024,March,2,Vidrio,15,Ciudad Lineal,174.48,2024-Marzo-15-2-Vidrio
2024,March,2,Vidrio,16,Hortaleza,160.78,2024-Marzo-16-2-Vidrio
2024,March,2,Vidrio,19,Vicálvaro,158.84,2024-Marzo-19-2-Vidrio
2024,March,2,Vidrio,20,San Blas-Canillejas,184.24,2024-Marzo-20-2-Vidrio
2024,March,2,Vidrio,21,Barajas,129.18,2024-Marzo-21-2-Vidrio
2024,March,2,Vidrio Comercial,4,Salamanca,140.2,2024-Marzo-4-2-Vidrio Comercial
2024,March,3,Animales Muertos,99,Sin Distrito,12.1,2024-Marzo-99-3-Animales Muertos
2024,March,3,Carton Comercial,2,Arganzuela,45.48,2024-Marzo-2-3-Carton Comercial
2024,March,3,Carton Comercial,11,Carabanchel,45.68,2024-Marzo-11-3-Carton Comercial
2024,March,3,Carton Comercial,12,Usera,35.28,2024-Marzo-12-3-Carton Comercial
2024,March,3,Carton Comercial,13,Puente de Vallecas,43.42,2024-Marzo-13-3-Carton Comercial
2024,March,3,Carton Comercial,17,Villaverde,25.9,2024-Marzo-17-3-Carton Comercial
2024,March,3,Carton Comercial,18,Villa de Vallecas,24.42,2024-Marzo-18-3-Carton Comercial
2024,March,3,Clinicos,12,Usera,173.44,2024-Marzo-12-3-Clinicos
2024,March,3,Clinicos,13,Puente de Vallecas,36.34,2024-Marzo-13-3-Clinicos
2024,March,3,Envases,2,Arganzuela,482.24,2024-Marzo-2-3-Envases
2024,March,3,Envases,11,Carabanchel,1081.38,2024-Marzo-11-3-Envases
2024,March,3,Envases,12,Usera,471.82,2024-Marzo-12-3-Envases
2024,March,3,Envases,13,Puente de Vallecas,892.86,2024-Marzo-13-3-Envases
2024,March,3,Envases,17,Villaverde,466.86,2024-Marzo-17-3-Envases
2024,March,3,Envases,18,Villa de Vallecas,375.68,2024-Marzo-18-3-Envases
2024,March,3,Organica,2,Arganzuela,784.28,2024-Marzo-2-3-Organica
2024,March,3,Organica,11,Carabanchel,1601.86,2024-Marzo-11-3-Organica
2024,March,3,Organica,12,Usera,934.48,2024-Marzo-12-3-Organica
2024,March,3,Organica,13,Puente de Vallecas,1605.58,2024-Marzo-13-3-Organica
2024,March,3,Organica,17,Villaverde,1201.28,2024-Marzo-17-3-Organica
2024,March,3,Organica,18,Villa de Vallecas,1676.34,2024-Marzo-18-3-Organica
2024,March,3,Papel-carton,2,Arganzuela,356.2,2024-Marzo-2-3-Papel-carton
2024,March,3,Papel-carton,11,Carabanchel,312.12,2024-Marzo-11-3-Papel-carton
2024,March,3,Papel-carton,12,Usera,191.94,2024-Marzo-12-3-Papel-carton
2024,March,3,Papel-carton,13,Puente de Vallecas,267.04,2024-Marzo-13-3-Papel-carton
2024,March,3,Papel-carton,17,Villaverde,218.84,2024-Marzo-17-3-Papel-carton
2024,March,3,Papel-carton,18,Villa de Vallecas,178.42,2024-Marzo-18-3-Papel-carton
2024,March,3,Pilas,2,Arganzuela,0.085442805,2024-Marzo-2-3-Pilas
2024,March,3,Pilas,11,Carabanchel,0.151900319,2024-Marzo-11-3-Pilas
2024,March,3,Pilas,12,Usera,0.13117426,2024-Marzo-12-3-Pilas
2024,March,3,Pilas,13,Puente de Vallecas,0.080478438,2024-Marzo-13-3-Pilas
2024,March,3,Pilas,17,Villaverde,0.073363766,2024-Marzo-17-3-Pilas
2024,March,3,Pilas,18,Villa de Vallecas,0.040255575,2024-Marzo-18-3-Pilas
2024,March,3,Puntos Limpios,2,Arganzuela,72.06,2024-Marzo-2-3-Puntos Limpios
2024,March,3,Puntos Limpios,11,Carabanchel,44.62,2024-Marzo-11-3-Puntos Limpios
2024,March,3,Puntos Limpios,12,Usera,50.46,2024-Marzo-12-3-Puntos Limpios
2024,March,3,Puntos Limpios,13,Puente de Vallecas,42.84,2024-Marzo-13-3-Puntos Limpios
2024,March,3,Puntos Limpios,17,Villaverde,58.36,2024-Marzo-17-3-Puntos Limpios
2024,March,3,Puntos Limpios,18,Villa de Vallecas,86.64,2024-Marzo-18-3-Puntos Limpios
2024,March,3,Rcd,2,Arganzuela,42.03,2024-Marzo-2-3-Rcd
2024,March,3,Rcd,11,Carabanchel,61.42,2024-Marzo-11-3-Rcd
2024,March,3,Rcd,12,Usera,75.42,2024-Marzo-12-3-Rcd
2024,March,3,Rcd,13,Puente de Vallecas,64.57,2024-Marzo-13-3-Rcd
2024,March,3,Rcd,17,Villaverde,66.21,2024-Marzo-17-3-Rcd
2024,March,3,Rcd,18,Villa de Vallecas,81.78,2024-Marzo-18-3-Rcd
2024,March,3,Resto,2,Arganzuela,1537.94,2024-Marzo-2-3-Resto
2024,March,3,Resto,11,Carabanchel,3570.74,2024-Marzo-11-3-Resto
2024,March,3,Resto,12,Usera,1493.2,2024-Marzo-12-3-Resto
2024,March,3,Resto,13,Puente de Vallecas,3133.16,2024-Marzo-13-3-Resto
2024,March,3,Resto,17,Villaverde,2256.56,2024-Marzo-17-3-Resto
2024,March,3,Resto,18,Villa de Vallecas,2125.52,2024-Marzo-18-3-Resto
2024,March,3,Ropa,2,Arganzuela,14.58,2024-Marzo-2-3-Ropa
2024,March,3,Ropa,11,Carabanchel,4.465,2024-Marzo-11-3-Ropa
2024,March,3,Ropa,12,Usera,10.315,2024-Marzo-12-3-Ropa
2024,March,3,Ropa,13,Puente de Vallecas,6.325,2024-Marzo-13-3-Ropa
2024,March,3,Ropa,17,Villaverde,7.605,2024-Marzo-17-3-Ropa
2024,March,3,Ropa,18,Villa de Vallecas,11.88,2024-Marzo-18-3-Ropa
2024,March,3,Vidrio,2,Arganzuela,238.86,2024-Marzo-2-3-Vidrio
2024,March,3,Vidrio,11,Carabanchel,184.32,2024-Marzo-11-3-Vidrio
2024,March,3,Vidrio,12,Usera,144.48,2024-Marzo-12-3-Vidrio
2024,March,3,Vidrio,13,Puente de Vallecas,164.52,2024-Marzo-13-3-Vidrio
2024,March,3,Vidrio,17,Villaverde,185.9,2024-Marzo-17-3-Vidrio
2024,March,3,Vidrio,18,Villa de Vallecas,125.06,2024-Marzo-18-3-Vidrio
2024,April,1,Cama De Caballo,9,Moncloa-Aravaca,152.19,2024-Abril-9-1-Cama De Caballo
2024,April,1,Carton Comercial,1,Centro,242.06,2024-Abril-1-1-Carton Comercial
2024,April,1,Carton Comercial,6,Tetuán,55.6,2024-Abril-6-1-Carton Comercial
2024,April,1,Carton Comercial,7,Chamberí,94.62,2024-Abril-7-1-Carton Comercial
2024,April,1,Carton Comercial,8,Fuencarral-El Pardo,29,2024-Abril-8-1-Carton Comercial
2024,April,1,Carton Comercial,10,Latina,39.32,2024-Abril-10-1-Carton Comercial
2024,April,1,Clinicos,1,Centro,197.96,2024-Abril-1-1-Clinicos
2024,April,1,Clinicos,6,Tetuán,14.58,2024-Abril-6-1-Clinicos
2024,April,1,Clinicos,8,Fuencarral-El Pardo,317.38,2024-Abril-8-1-Clinicos
2024,April,1,Clinicos,9,Moncloa-Aravaca,249.8,2024-Abril-9-1-Clinicos
2024,April,1,Clinicos,10,Latina,30.72,2024-Abril-10-1-Clinicos
2024,April,1,Contenedores De Ropa,9,Moncloa-Aravaca,0.36,2024-Abril-9-1-Contenedores De Ropa
2024,April,1,Envases,1,Centro,333.4,2024-Abril-1-1-Envases
2024,April,1,Envases,6,Tetuán,470.8,2024-Abril-6-1-Envases
2024,April,1,Envases,7,Chamberí,519.36,2024-Abril-7-1-Envases
2024,April,1,Envases,8,Fuencarral-El Pardo,722.02,2024-Abril-8-1-Envases
2024,April,1,Envases,9,Moncloa-Aravaca,465.24,2024-Abril-9-1-Envases
2024,April,1,Envases,10,Latina,707.72,2024-Abril-10-1-Envases
2024,April,1,Organica,1,Centro,2258.92,2024-Abril-1-1-Organica
2024,April,1,Organica,6,Tetuán,1105.2,2024-Abril-6-1-Organica
2024,April,1,Organica,7,Chamberí,1189.52,2024-Abril-7-1-Organica
2024,April,1,Organica,8,Fuencarral-El Pardo,1779.5,2024-Abril-8-1-Organica
2024,April,1,Organica,9,Moncloa-Aravaca,1299.44,2024-Abril-9-1-Organica
2024,April,1,Organica,10,Latina,1554.68,2024-Abril-10-1-Organica
2024,April,1,Papel-carton,1,Centro,505.14,2024-Abril-1-1-Papel-carton
2024,April,1,Papel-carton,6,Tetuán,392.48,2024-Abril-6-1-Papel-carton
2024,April,1,Papel-carton,7,Chamberí,278.14,2024-Abril-7-1-Papel-carton
2024,April,1,Papel-carton,8,Fuencarral-El Pardo,649.08,2024-Abril-8-1-Papel-carton
2024,April,1,Papel-carton,9,Moncloa-Aravaca,295.6,2024-Abril-9-1-Papel-carton
2024,April,1,Papel-carton,10,Latina,330.5,2024-Abril-10-1-Papel-carton
2024,April,1,Pilas,1,Centro,0.117361794,2024-Abril-1-1-Pilas
2024,April,1,Pilas,6,Tetuán,0.138914807,2024-Abril-6-1-Pilas
2024,April,1,Pilas,7,Chamberí,0.090315906,2024-Abril-7-1-Pilas
2024,April,1,Pilas,8,Fuencarral-El Pardo,0.143273592,2024-Abril-8-1-Pilas
2024,April,1,Pilas,9,Moncloa-Aravaca,0.089410429,2024-Abril-9-1-Pilas
2024,April,1,Pilas,10,Latina,0.166735438,2024-Abril-10-1-Pilas
2024,April,1,Puntos Limpios,8,Fuencarral-El Pardo,164.6,2024-Abril-8-1-Puntos Limpios
2024,April,1,Puntos Limpios,9,Moncloa-Aravaca,50.56,2024-Abril-9-1-Puntos Limpios
2024,April,1,Puntos Limpios,10,Latina,123.42,2024-Abril-10-1-Puntos Limpios
2024,April,1,Rcd,1,Centro,172.33,2024-Abril-1-1-Rcd
2024,April,1,Rcd,6,Tetuán,61.08,2024-Abril-6-1-Rcd
2024,April,1,Rcd,7,Chamberí,75.23,2024-Abril-7-1-Rcd
2024,April,1,Rcd,8,Fuencarral-El Pardo,140.965,2024-Abril-8-1-Rcd
2024,April,1,Rcd,9,Moncloa-Aravaca,82.23,2024-Abril-9-1-Rcd
2024,April,1,Rcd,10,Latina,65.005,2024-Abril-10-1-Rcd
2024,April,1,Resto,1,Centro,3170.48,2024-Abril-1-1-Resto
2024,April,1,Resto,6,Tetuán,2234.12,2024-Abril-6-1-Resto
2024,April,1,Resto,7,Chamberí,1695.92,2024-Abril-7-1-Resto
2024,April,1,Resto,8,Fuencarral-El Pardo,3127.36,2024-Abril-8-1-Resto
2024,April,1,Resto,9,Moncloa-Aravaca,2097.96,2024-Abril-9-1-Resto
2024,April,1,Resto,10,Latina,2941.76,2024-Abril-10-1-Resto
2024,April,1,Ropa,1,Centro,17.385,2024-Abril-1-1-Ropa
2024,April,1,Ropa,6,Tetuán,10.225,2024-Abril-6-1-Ropa
2024,April,1,Ropa,7,Chamberí,19.695,2024-Abril-7-1-Ropa
2024,April,1,Ropa,8,Fuencarral-El Pardo,17.9,2024-Abril-8-1-Ropa
2024,April,1,Ropa,9,Moncloa-Aravaca,13.9,2024-Abril-9-1-Ropa
2024,April,1,Ropa,10,Latina,29.755,2024-Abril-10-1-Ropa
2024,April,1,Vidrio,1,Centro,691.22,2024-Abril-1-1-Vidrio
2024,April,1,Vidrio,6,Tetuán,274.52,2024-Abril-6-1-Vidrio
2024,April,1,Vidrio,7,Chamberí,360.12,2024-Abril-7-1-Vidrio
2024,April,1,Vidrio,8,Fuencarral-El Pardo,206.82,2024-Abril-8-1-Vidrio
2024,April,1,Vidrio,9,Moncloa-Aravaca,300.08,2024-Abril-9-1-Vidrio
2024,April,1,Vidrio,10,Latina,182.06,2024-Abril-10-1-Vidrio
2024,April,1,Vidrio Comercial,1,Centro,132,2024-Abril-1-1-Vidrio Comercial
2024,April,2,Carton Comercial,3,Retiro,40.94,2024-Abril-3-2-Carton Comercial
2024,April,2,Carton Comercial,4,Salamanca,52.5,2024-Abril-4-2-Carton Comercial
2024,April,2,Carton Comercial,5,Chamartín,57.62,2024-Abril-5-2-Carton Comercial
2024,April,2,Carton Comercial,14,Moratalaz,31.16,2024-Abril-14-2-Carton Comercial
2024,April,2,Carton Comercial,15,Ciudad Lineal,48.06,2024-Abril-15-2-Carton Comercial
2024,April,2,Carton Comercial,16,Hortaleza,49.28,2024-Abril-16-2-Carton Comercial
2024,April,2,Carton Comercial,19,Vicálvaro,33.14,2024-Abril-19-2-Carton Comercial
2024,April,2,Carton Comercial,20,San Blas-Canillejas,4.12,2024-Abril-20-2-Carton Comercial
2024,April,2,Carton Comercial,21,Barajas,30.84,2024-Abril-21-2-Carton Comercial
2024,April,2,Clinicos,3,Retiro,190.3,2024-Abril-3-2-Clinicos
2024,April,2,Clinicos,4,Salamanca,130.88,2024-Abril-4-2-Clinicos
2024,April,2,Clinicos,15,Ciudad Lineal,139.56,2024-Abril-15-2-Clinicos
2024,April,2,Envases,3,Retiro,342.06,2024-Abril-3-2-Envases
2024,April,2,Envases,4,Salamanca,529.22,2024-Abril-4-2-Envases
2024,April,2,Envases,5,Chamartín,498.72,2024-Abril-5-2-Envases
2024,April,2,Envases,14,Moratalaz,227.3,2024-Abril-14-2-Envases
2024,April,2,Envases,15,Ciudad Lineal,724.72,2024-Abril-15-2-Envases
2024,April,2,Envases,16,Hortaleza,665.76,2024-Abril-16-2-Envases
2024,April,2,Envases,19,Vicálvaro,308.44,2024-Abril-19-2-Envases
2024,April,2,Envases,20,San Blas-Canillejas,532.3,2024-Abril-20-2-Envases
2024,April,2,Envases,21,Barajas,158.72,2024-Abril-21-2-Envases
2024,April,2,Organica,3,Retiro,959.5,2024-Abril-3-2-Organica
2024,April,2,Organica,4,Salamanca,1628.75,2024-Abril-4-2-Organica
2024,April,2,Organica,5,Chamartín,1376.86,2024-Abril-5-2-Organica
2024,April,2,Organica,14,Moratalaz,388.28,2024-Abril-14-2-Organica
2024,April,2,Organica,15,Ciudad Lineal,1187.6,2024-Abril-15-2-Organica
2024,April,2,Organica,16,Hortaleza,1310.78,2024-Abril-16-2-Organica
2024,April,2,Organica,19,Vicálvaro,869.14,2024-Abril-19-2-Organica
2024,April,2,Organica,20,San Blas-Canillejas,1048.6,2024-Abril-20-2-Organica
2024,April,2,Organica,21,Barajas,510.18,2024-Abril-21-2-Organica
2024,April,2,Papel-carton,3,Retiro,253.66,2024-Abril-3-2-Papel-carton
2024,April,2,Papel-carton,4,Salamanca,498.94,2024-Abril-4-2-Papel-carton
2024,April,2,Papel-carton,5,Chamartín,310.8,2024-Abril-5-2-Papel-carton
2024,April,2,Papel-carton,14,Moratalaz,228.12,2024-Abril-14-2-Papel-carton
2024,April,2,Papel-carton,15,Ciudad Lineal,338.46,2024-Abril-15-2-Papel-carton
2024,April,2,Papel-carton,16,Hortaleza,417.36,2024-Abril-16-2-Papel-carton
2024,April,2,Papel-carton,19,Vicálvaro,78.82,2024-Abril-19-2-Papel-carton
2024,April,2,Papel-carton,20,San Blas-Canillejas,396.78,2024-Abril-20-2-Papel-carton
2024,April,2,Papel-carton,21,Barajas,96.6,2024-Abril-21-2-Papel-carton
2024,April,2,Pilas,3,Retiro,0.041645136,2024-Abril-3-2-Pilas
2024,April,2,Pilas,4,Salamanca,0.104665369,2024-Abril-4-2-Pilas
2024,April,2,Pilas,5,Chamartín,0.112343939,2024-Abril-5-2-Pilas
2024,April,2,Pilas,14,Moratalaz,0.054727594,2024-Abril-14-2-Pilas
2024,April,2,Pilas,15,Ciudad Lineal,0.097373757,2024-Abril-15-2-Pilas
2024,April,2,Pilas,16,Hortaleza,0.193810992,2024-Abril-16-2-Pilas
2024,April,2,Pilas,19,Vicálvaro,0.082659809,2024-Abril-19-2-Pilas
2024,April,2,Pilas,20,San Blas-Canillejas,0.088477958,2024-Abril-20-2-Pilas
2024,April,2,Pilas,21,Barajas,0.090419836,2024-Abril-21-2-Pilas
2024,April,2,Puntos Limpios,3,Retiro,0.96,2024-Abril-3-2-Puntos Limpios
2024,April,2,Puntos Limpios,5,Chamartín,108.68,2024-Abril-5-2-Puntos Limpios
2024,April,2,Puntos Limpios,14,Moratalaz,65.12,2024-Abril-14-2-Puntos Limpios
2024,April,2,Puntos Limpios,15,Ciudad Lineal,75.7,2024-Abril-15-2-Puntos Limpios
2024,April,2,Puntos Limpios,16,Hortaleza,82.02,2024-Abril-16-2-Puntos Limpios
2024,April,2,Puntos Limpios,19,Vicálvaro,40.36,2024-Abril-19-2-Puntos Limpios
2024,April,2,Puntos Limpios,20,San Blas-Canillejas,68.5,2024-Abril-20-2-Puntos Limpios
2024,April,2,Puntos Limpios,21,Barajas,63.88,2024-Abril-21-2-Puntos Limpios
2024,April,2,Rcd,3,Retiro,35.5,2024-Abril-3-2-Rcd
2024,April,2,Rcd,4,Salamanca,81.02,2024-Abril-4-2-Rcd
2024,April,2,Rcd,5,Chamartín,85,2024-Abril-5-2-Rcd
2024,April,2,Rcd,14,Moratalaz,80.24,2024-Abril-14-2-Rcd
2024,April,2,Rcd,15,Ciudad Lineal,95.78,2024-Abril-15-2-Rcd
2024,April,2,Rcd,16,Hortaleza,63.94,2024-Abril-16-2-Rcd
2024,April,2,Rcd,19,Vicálvaro,68.52,2024-Abril-19-2-Rcd
2024,April,2,Rcd,20,San Blas-Canillejas,77.4,2024-Abril-20-2-Rcd
2024,April,2,Rcd,21,Barajas,69.2,2024-Abril-21-2-Rcd
2024,April,2,Resto,3,Retiro,1198.08,2024-Abril-3-2-Resto
2024,April,2,Resto,4,Salamanca,1636.68,2024-Abril-4-2-Resto
2024,April,2,Resto,5,Chamartín,1681.66,2024-Abril-5-2-Resto
2024,April,2,Resto,14,Moratalaz,1015.38,2024-Abril-14-2-Resto
2024,April,2,Resto,15,Ciudad Lineal,2597.12,2024-Abril-15-2-Resto
2024,April,2,Resto,16,Hortaleza,2334.56,2024-Abril-16-2-Resto
2024,April,2,Resto,19,Vicálvaro,1573.94,2024-Abril-19-2-Resto
2024,April,2,Resto,20,San Blas-Canillejas,2182.68,2024-Abril-20-2-Resto
2024,April,2,Resto,21,Barajas,797.22,2024-Abril-21-2-Resto
2024,April,2,Ropa,3,Retiro,6.82,2024-Abril-3-2-Ropa
2024,April,2,Ropa,4,Salamanca,13.04,2024-Abril-4-2-Ropa
2024,April,2,Ropa,5,Chamartín,17.71,2024-Abril-5-2-Ropa
2024,April,2,Ropa,14,Moratalaz,8.18,2024-Abril-14-2-Ropa
2024,April,2,Ropa,15,Ciudad Lineal,12.15,2024-Abril-15-2-Ropa
2024,April,2,Ropa,16,Hortaleza,9.11,2024-Abril-16-2-Ropa
2024,April,2,Ropa,19,Vicálvaro,8.31,2024-Abril-19-2-Ropa
2024,April,2,Ropa,20,San Blas-Canillejas,9,2024-Abril-20-2-Ropa
2024,April,2,Ropa,21,Barajas,6.14,2024-Abril-21-2-Ropa
2024,April,2,Vidrio,3,Retiro,400.38,2024-Abril-3-2-Vidrio
2024,April,2,Vidrio,4,Salamanca,345,2024-Abril-4-2-Vidrio
2024,April,2,Vidrio,5,Chamartín,186.66,2024-Abril-5-2-Vidrio
2024,April,2,Vidrio,14,Moratalaz,212,2024-Abril-14-2-Vidrio
2024,April,2,Vidrio,15,Ciudad Lineal,149.06,2024-Abril-15-2-Vidrio
2024,April,2,Vidrio,16,Hortaleza,146.3,2024-Abril-16-2-Vidrio
2024,April,2,Vidrio,19,Vicálvaro,121.18,2024-Abril-19-2-Vidrio
2024,April,2,Vidrio,20,San Blas-Canillejas,189.22,2024-Abril-20-2-Vidrio
2024,April,2,Vidrio,21,Barajas,101.28,2024-Abril-21-2-Vidrio
2024,April,2,Vidrio Comercial,4,Salamanca,140.48,2024-Abril-4-2-Vidrio Comercial
2024,April,3,Animales Muertos,99,Sin Distrito,9.08,2024-Abril-99-3-Animales Muertos
2024,April,3,Carton Comercial,2,Arganzuela,48.18,2024-Abril-2-3-Carton Comercial
2024,April,3,Carton Comercial,11,Carabanchel,46.48,2024-Abril-11-3-Carton Comercial
2024,April,3,Carton Comercial,12,Usera,38.98,2024-Abril-12-3-Carton Comercial
2024,April,3,Carton Comercial,13,Puente de Vallecas,47.82,2024-Abril-13-3-Carton Comercial
2024,April,3,Carton Comercial,17,Villaverde,29.72,2024-Abril-17-3-Carton Comercial
2024,April,3,Carton Comercial,18,Villa de Vallecas,27.66,2024-Abril-18-3-Carton Comercial
2024,April,3,Clinicos,12,Usera,165.5,2024-Abril-12-3-Clinicos
2024,April,3,Clinicos,13,Puente de Vallecas,39.32,2024-Abril-13-3-Clinicos
2024,April,3,Envases,2,Arganzuela,483.22,2024-Abril-2-3-Envases
2024,April,3,Envases,11,Carabanchel,1025.2,2024-Abril-11-3-Envases
2024,April,3,Envases,12,Usera,476.1,2024-Abril-12-3-Envases
2024,April,3,Envases,13,Puente de Vallecas,859.7,2024-Abril-13-3-Envases
2024,April,3,Envases,17,Villaverde,408.52,2024-Abril-17-3-Envases
2024,April,3,Envases,18,Villa de Vallecas,384.22,2024-Abril-18-3-Envases
2024,April,3,Organica,2,Arganzuela,740.42,2024-Abril-2-3-Organica
2024,April,3,Organica,11,Carabanchel,1653.94,2024-Abril-11-3-Organica
2024,April,3,Organica,12,Usera,966.08,2024-Abril-12-3-Organica
2024,April,3,Organica,13,Puente de Vallecas,1646.42,2024-Abril-13-3-Organica
2024,April,3,Organica,17,Villaverde,1184.14,2024-Abril-17-3-Organica
2024,April,3,Organica,18,Villa de Vallecas,1914.7,2024-Abril-18-3-Organica
2024,April,3,Papel-carton,2,Arganzuela,364.36,2024-Abril-2-3-Papel-carton
2024,April,3,Papel-carton,11,Carabanchel,303.62,2024-Abril-11-3-Papel-carton
2024,April,3,Papel-carton,12,Usera,189.64,2024-Abril-12-3-Papel-carton
2024,April,3,Papel-carton,13,Puente de Vallecas,262.7,2024-Abril-13-3-Papel-carton
2024,April,3,Papel-carton,17,Villaverde,196.48,2024-Abril-17-3-Papel-carton
2024,April,3,Papel-carton,18,Villa de Vallecas,170.68,2024-Abril-18-3-Papel-carton
2024,April,3,Pilas,2,Arganzuela,0.093038437,2024-Abril-2-3-Pilas
2024,April,3,Pilas,11,Carabanchel,0.164723416,2024-Abril-11-3-Pilas
2024,April,3,Pilas,12,Usera,0.142122092,2024-Abril-12-3-Pilas
2024,April,3,Pilas,13,Puente de Vallecas,0.086813483,2024-Abril-13-3-Pilas
2024,April,3,Pilas,17,Villaverde,0.079925549,2024-Abril-17-3-Pilas
2024,April,3,Pilas,18,Villa de Vallecas,0.043910672,2024-Abril-18-3-Pilas
2024,April,3,Pilas,99,Sin Distrito,5.724,2024-Abril-99-3-Pilas
2024,April,3,Puntos Limpios,2,Arganzuela,67.12,2024-Abril-2-3-Puntos Limpios
2024,April,3,Puntos Limpios,11,Carabanchel,40.52,2024-Abril-11-3-Puntos Limpios
2024,April,3,Puntos Limpios,12,Usera,47.4,2024-Abril-12-3-Puntos Limpios
2024,April,3,Puntos Limpios,13,Puente de Vallecas,41.28,2024-Abril-13-3-Puntos Limpios
2024,April,3,Puntos Limpios,17,Villaverde,73.6,2024-Abril-17-3-Puntos Limpios
2024,April,3,Puntos Limpios,18,Villa de Vallecas,94.92,2024-Abril-18-3-Puntos Limpios
2024,April,3,Rcd,2,Arganzuela,46.23,2024-Abril-2-3-Rcd
2024,April,3,Rcd,11,Carabanchel,78.43,2024-Abril-11-3-Rcd
2024,April,3,Rcd,12,Usera,77.19,2024-Abril-12-3-Rcd
2024,April,3,Rcd,13,Puente de Vallecas,40.23,2024-Abril-13-3-Rcd
2024,April,3,Rcd,17,Villaverde,124.66,2024-Abril-17-3-Rcd
2024,April,3,Rcd,18,Villa de Vallecas,81.85,2024-Abril-18-3-Rcd
2024,April,3,Resto,2,Arganzuela,1542.4,2024-Abril-2-3-Resto
2024,April,3,Resto,11,Carabanchel,3719.288,2024-Abril-11-3-Resto
2024,April,3,Resto,12,Usera,1484.58,2024-Abril-12-3-Resto
2024,April,3,Resto,13,Puente de Vallecas,3178.38,2024-Abril-13-3-Resto
2024,April,3,Resto,17,Villaverde,2509.54,2024-Abril-17-3-Resto
2024,April,3,Resto,18,Villa de Vallecas,2395.58,2024-Abril-18-3-Resto
2024,April,3,Ropa,2,Arganzuela,12.14,2024-Abril-2-3-Ropa
2024,April,3,Ropa,11,Carabanchel,7.845,2024-Abril-11-3-Ropa
2024,April,3,Ropa,12,Usera,12.44,2024-Abril-12-3-Ropa
2024,April,3,Ropa,13,Puente de Vallecas,10.41,2024-Abril-13-3-Ropa
2024,April,3,Ropa,17,Villaverde,9.085,2024-Abril-17-3-Ropa
2024,April,3,Ropa,18,Villa de Vallecas,8.785,2024-Abril-18-3-Ropa
2024,April,3,Vidrio,2,Arganzuela,285,2024-Abril-2-3-Vidrio
2024,April,3,Vidrio,11,Carabanchel,211.52,2024-Abril-11-3-Vidrio
2024,April,3,Vidrio,12,Usera,186.34,2024-Abril-12-3-Vidrio
2024,April,3,Vidrio,13,Puente de Vallecas,174.96,2024-Abril-13-3-Vidrio
2024,April,3,Vidrio,17,Villaverde,179.1,2024-Abril-17-3-Vidrio
2024,April,3,Vidrio,18,Villa de Vallecas,89.56,2024-Abril-18-3-Vidrio
2024,May,1,Cama De Caballo,9,Moncloa-Aravaca,125.54,2024-Mayo-9-1-Cama De Caballo
2024,May,1,Carton Comercial,1,Centro,256.5,2024-Mayo-1-1-Carton Comercial
2024,May,1,Carton Comercial,6,Tetuán,59.22,2024-Mayo-6-1-Carton Comercial
2024,May,1,Carton Comercial,7,Chamberí,93.16,2024-Mayo-7-1-Carton Comercial
2024,May,1,Carton Comercial,8,Fuencarral-El Pardo,29.36,2024-Mayo-8-1-Carton Comercial
2024,May,1,Carton Comercial,10,Latina,39.64,2024-Mayo-10-1-Carton Comercial
2024,May,1,Clinicos,1,Centro,189.3,2024-Mayo-1-1-Clinicos
2024,May,1,Clinicos,6,Tetuán,12.96,2024-Mayo-6-1-Clinicos
2024,May,1,Clinicos,8,Fuencarral-El Pardo,323.42,2024-Mayo-8-1-Clinicos
2024,May,1,Clinicos,9,Moncloa-Aravaca,244.36,2024-Mayo-9-1-Clinicos
2024,May,1,Clinicos,10,Latina,31.86,2024-Mayo-10-1-Clinicos
2024,May,1,Contenedores De Ropa,9,Moncloa-Aravaca,0.54,2024-Mayo-9-1-Contenedores De Ropa
2024,May,1,Envases,1,Centro,344.58,2024-Mayo-1-1-Envases
2024,May,1,Envases,6,Tetuán,488.98,2024-Mayo-6-1-Envases
2024,May,1,Envases,7,Chamberí,530.84,2024-Mayo-7-1-Envases
2024,May,1,Envases,8,Fuencarral-El Pardo,761.92,2024-Mayo-8-1-Envases
2024,May,1,Envases,9,Moncloa-Aravaca,480.12,2024-Mayo-9-1-Envases
2024,May,1,Envases,10,Latina,702.42,2024-Mayo-10-1-Envases
2024,May,1,Organica,1,Centro,2360.06,2024-Mayo-1-1-Organica
2024,May,1,Organica,6,Tetuán,1173.78,2024-Mayo-6-1-Organica
2024,May,1,Organica,7,Chamberí,1222,2024-Mayo-7-1-Organica
2024,May,1,Organica,8,Fuencarral-El Pardo,1872.32,2024-Mayo-8-1-Organica
2024,May,1,Organica,9,Moncloa-Aravaca,1320.94,2024-Mayo-9-1-Organica
2024,May,1,Organica,10,Latina,1574,2024-Mayo-10-1-Organica
2024,May,1,Papel-carton,1,Centro,461.64,2024-Mayo-1-1-Papel-carton
2024,May,1,Papel-carton,6,Tetuán,376.16,2024-Mayo-6-1-Papel-carton
2024,May,1,Papel-carton,7,Chamberí,320.12,2024-Mayo-7-1-Papel-carton
2024,May,1,Papel-carton,8,Fuencarral-El Pardo,645.08,2024-Mayo-8-1-Papel-carton
2024,May,1,Papel-carton,9,Moncloa-Aravaca,246.2,2024-Mayo-9-1-Papel-carton
2024,May,1,Papel-carton,10,Latina,328.48,2024-Mayo-10-1-Papel-carton
2024,May,1,Pilas,1,Centro,0.11565786,2024-Mayo-1-1-Pilas
2024,May,1,Pilas,6,Tetuán,0.137540997,2024-Mayo-6-1-Pilas
2024,May,1,Pilas,7,Chamberí,0.088698231,2024-Mayo-7-1-Pilas
2024,May,1,Pilas,8,Fuencarral-El Pardo,0.140775043,2024-Mayo-8-1-Pilas
2024,May,1,Pilas,9,Moncloa-Aravaca,0.088167713,2024-Mayo-9-1-Pilas
2024,May,1,Pilas,10,Latina,0.16211162,2024-Mayo-10-1-Pilas
2024,May,1,Puntos Limpios,8,Fuencarral-El Pardo,139.3,2024-Mayo-8-1-Puntos Limpios
2024,May,1,Puntos Limpios,9,Moncloa-Aravaca,47.3,2024-Mayo-9-1-Puntos Limpios
2024,May,1,Puntos Limpios,10,Latina,87.98,2024-Mayo-10-1-Puntos Limpios
2024,May,1,Rcd,1,Centro,155.33,2024-Mayo-1-1-Rcd
2024,May,1,Rcd,6,Tetuán,21.6,2024-Mayo-6-1-Rcd
2024,May,1,Rcd,7,Chamberí,61.95,2024-Mayo-7-1-Rcd
2024,May,1,Rcd,8,Fuencarral-El Pardo,117.645,2024-Mayo-8-1-Rcd
2024,May,1,Rcd,9,Moncloa-Aravaca,85.265,2024-Mayo-9-1-Rcd
2024,May,1,Rcd,10,Latina,59.215,2024-Mayo-10-1-Rcd
2024,May,1,Resto,1,Centro,3284.46,2024-Mayo-1-1-Resto
2024,May,1,Resto,6,Tetuán,2126.32,2024-Mayo-6-1-Resto
2024,May,1,Resto,7,Chamberí,1632,2024-Mayo-7-1-Resto
2024,May,1,Resto,8,Fuencarral-El Pardo,2884.76,2024-Mayo-8-1-Resto
2024,May,1,Resto,9,Moncloa-Aravaca,2065.52,2024-Mayo-9-1-Resto
2024,May,1,Resto,10,Latina,2892.76,2024-Mayo-10-1-Resto
2024,May,1,Ropa,1,Centro,18.825,2024-Mayo-1-1-Ropa
2024,May,1,Ropa,6,Tetuán,14.348,2024-Mayo-6-1-Ropa
2024,May,1,Ropa,7,Chamberí,21.661,2024-Mayo-7-1-Ropa
2024,May,1,Ropa,8,Fuencarral-El Pardo,18.286,2024-Mayo-8-1-Ropa
2024,May,1,Ropa,9,Moncloa-Aravaca,11.946,2024-Mayo-9-1-Ropa
2024,May,1,Ropa,10,Latina,27.901,2024-Mayo-10-1-Ropa
2024,May,1,Vidrio,1,Centro,619.24,2024-Mayo-1-1-Vidrio
2024,May,1,Vidrio,6,Tetuán,284.64,2024-Mayo-6-1-Vidrio
2024,May,1,Vidrio,7,Chamberí,355.3,2024-Mayo-7-1-Vidrio
2024,May,1,Vidrio,8,Fuencarral-El Pardo,218.82,2024-Mayo-8-1-Vidrio
2024,May,1,Vidrio,9,Moncloa-Aravaca,323.08,2024-Mayo-9-1-Vidrio
2024,May,1,Vidrio,10,Latina,226.82,2024-Mayo-10-1-Vidrio
2024,May,1,Vidrio Comercial,1,Centro,134.56,2024-Mayo-1-1-Vidrio Comercial
2024,May,2,Carton Comercial,3,Retiro,44.14,2024-Mayo-3-2-Carton Comercial
2024,May,2,Carton Comercial,4,Salamanca,64.12,2024-Mayo-4-2-Carton Comercial
2024,May,2,Carton Comercial,5,Chamartín,48.92,2024-Mayo-5-2-Carton Comercial
2024,May,2,Carton Comercial,14,Moratalaz,32.24,2024-Mayo-14-2-Carton Comercial
2024,May,2,Carton Comercial,15,Ciudad Lineal,44.26,2024-Mayo-15-2-Carton Comercial
2024,May,2,Carton Comercial,16,Hortaleza,50.02,2024-Mayo-16-2-Carton Comercial
2024,May,2,Carton Comercial,19,Vicálvaro,41.28,2024-Mayo-19-2-Carton Comercial
2024,May,2,Carton Comercial,20,San Blas-Canillejas,15.48,2024-Mayo-20-2-Carton Comercial
2024,May,2,Carton Comercial,21,Barajas,23.14,2024-Mayo-21-2-Carton Comercial
2024,May,2,Clinicos,3,Retiro,190.96,2024-Mayo-3-2-Clinicos
2024,May,2,Clinicos,4,Salamanca,122.86,2024-Mayo-4-2-Clinicos
2024,May,2,Clinicos,15,Ciudad Lineal,140.78,2024-Mayo-15-2-Clinicos
2024,May,2,Contenedores De Ropa,19,Vicálvaro,0.18,2024-Mayo-19-2-Contenedores De Ropa
2024,May,2,Envases,3,Retiro,354.76,2024-Mayo-3-2-Envases
2024,May,2,Envases,4,Salamanca,546.14,2024-Mayo-4-2-Envases
2024,May,2,Envases,5,Chamartín,504.26,2024-Mayo-5-2-Envases
2024,May,2,Envases,14,Moratalaz,249.66,2024-Mayo-14-2-Envases
2024,May,2,Envases,15,Ciudad Lineal,754.54,2024-Mayo-15-2-Envases
2024,May,2,Envases,16,Hortaleza,661.06,2024-Mayo-16-2-Envases
2024,May,2,Envases,19,Vicálvaro,310.5,2024-Mayo-19-2-Envases
2024,May,2,Envases,20,San Blas-Canillejas,550.26,2024-Mayo-20-2-Envases
2024,May,2,Envases,21,Barajas,163.64,2024-Mayo-21-2-Envases
2024,May,2,Organica,3,Retiro,973.28,2024-Mayo-3-2-Organica
2024,May,2,Organica,4,Salamanca,1700.22,2024-Mayo-4-2-Organica
2024,May,2,Organica,5,Chamartín,1390.02,2024-Mayo-5-2-Organica
2024,May,2,Organica,14,Moratalaz,386.88,2024-Mayo-14-2-Organica
2024,May,2,Organica,15,Ciudad Lineal,1235.42,2024-Mayo-15-2-Organica
2024,May,2,Organica,16,Hortaleza,1317.56,2024-Mayo-16-2-Organica
2024,May,2,Organica,19,Vicálvaro,892.84,2024-Mayo-19-2-Organica
2024,May,2,Organica,20,San Blas-Canillejas,1078.74,2024-Mayo-20-2-Organica
2024,May,2,Organica,21,Barajas,519.28,2024-Mayo-21-2-Organica
2024,May,2,Papel-carton,3,Retiro,265.2,2024-Mayo-3-2-Papel-carton
2024,May,2,Papel-carton,4,Salamanca,460.56,2024-Mayo-4-2-Papel-carton
2024,May,2,Papel-carton,5,Chamartín,325.7,2024-Mayo-5-2-Papel-carton
2024,May,2,Papel-carton,14,Moratalaz,319.32,2024-Mayo-14-2-Papel-carton
2024,May,2,Papel-carton,15,Ciudad Lineal,351.96,2024-Mayo-15-2-Papel-carton
2024,May,2,Papel-carton,16,Hortaleza,405.82,2024-Mayo-16-2-Papel-carton
2024,May,2,Papel-carton,19,Vicálvaro,75.26,2024-Mayo-19-2-Papel-carton
2024,May,2,Papel-carton,20,San Blas-Canillejas,300.28,2024-Mayo-20-2-Papel-carton
2024,May,2,Papel-carton,21,Barajas,105.16,2024-Mayo-21-2-Papel-carton
2024,May,2,Pilas,3,Retiro,0.040783745,2024-Mayo-3-2-Pilas
2024,May,2,Pilas,4,Salamanca,0.101486297,2024-Mayo-4-2-Pilas
2024,May,2,Pilas,5,Chamartín,0.109245882,2024-Mayo-5-2-Pilas
2024,May,2,Pilas,14,Moratalaz,0.052945433,2024-Mayo-14-2-Pilas
2024,May,2,Pilas,15,Ciudad Lineal,0.094221959,2024-Mayo-15-2-Pilas
2024,May,2,Pilas,16,Hortaleza,0.190922397,2024-Mayo-16-2-Pilas
2024,May,2,Pilas,19,Vicálvaro,0.081581103,2024-Mayo-19-2-Pilas
2024,May,2,Pilas,20,San Blas-Canillejas,0.087390768,2024-Mayo-20-2-Pilas
2024,May,2,Pilas,21,Barajas,0.088659206,2024-Mayo-21-2-Pilas
2024,May,2,Puntos Limpios,3,Retiro,3.24,2024-Mayo-3-2-Puntos Limpios
2024,May,2,Puntos Limpios,5,Chamartín,101.68,2024-Mayo-5-2-Puntos Limpios
2024,May,2,Puntos Limpios,14,Moratalaz,70.8,2024-Mayo-14-2-Puntos Limpios
2024,May,2,Puntos Limpios,15,Ciudad Lineal,73.2,2024-Mayo-15-2-Puntos Limpios
2024,May,2,Puntos Limpios,16,Hortaleza,86.36,2024-Mayo-16-2-Puntos Limpios
2024,May,2,Puntos Limpios,19,Vicálvaro,34.74,2024-Mayo-19-2-Puntos Limpios
2024,May,2,Puntos Limpios,20,San Blas-Canillejas,76.68,2024-Mayo-20-2-Puntos Limpios
2024,May,2,Puntos Limpios,21,Barajas,37.18,2024-Mayo-21-2-Puntos Limpios
2024,May,2,Rcd,3,Retiro,62.84,2024-Mayo-3-2-Rcd
2024,May,2,Rcd,4,Salamanca,65.46,2024-Mayo-4-2-Rcd
2024,May,2,Rcd,5,Chamartín,130.96,2024-Mayo-5-2-Rcd
2024,May,2,Rcd,14,Moratalaz,64.62,2024-Mayo-14-2-Rcd
2024,May,2,Rcd,15,Ciudad Lineal,96.44,2024-Mayo-15-2-Rcd
2024,May,2,Rcd,16,Hortaleza,121.82,2024-Mayo-16-2-Rcd
2024,May,2,Rcd,19,Vicálvaro,67.96,2024-Mayo-19-2-Rcd
2024,May,2,Rcd,20,San Blas-Canillejas,78.04,2024-Mayo-20-2-Rcd
2024,May,2,Rcd,21,Barajas,48.26,2024-Mayo-21-2-Rcd
2024,May,2,Resto,3,Retiro,1168.44,2024-Mayo-3-2-Resto
2024,May,2,Resto,4,Salamanca,1585.98,2024-Mayo-4-2-Resto
2024,May,2,Resto,5,Chamartín,1588.88,2024-Mayo-5-2-Resto
2024,May,2,Resto,14,Moratalaz,1007.6,2024-Mayo-14-2-Resto
2024,May,2,Resto,15,Ciudad Lineal,2552.6,2024-Mayo-15-2-Resto
2024,May,2,Resto,16,Hortaleza,2229.94,2024-Mayo-16-2-Resto
2024,May,2,Resto,19,Vicálvaro,1584.86,2024-Mayo-19-2-Resto
2024,May,2,Resto,20,San Blas-Canillejas,2116.74,2024-Mayo-20-2-Resto
2024,May,2,Resto,21,Barajas,771.94,2024-Mayo-21-2-Resto
2024,May,2,Ropa,3,Retiro,8.23,2024-Mayo-3-2-Ropa
2024,May,2,Ropa,4,Salamanca,16.69,2024-Mayo-4-2-Ropa
2024,May,2,Ropa,5,Chamartín,15.98,2024-Mayo-5-2-Ropa
2024,May,2,Ropa,14,Moratalaz,8.38,2024-Mayo-14-2-Ropa
2024,May,2,Ropa,15,Ciudad Lineal,13.1,2024-Mayo-15-2-Ropa
2024,May,2,Ropa,16,Hortaleza,10.56,2024-Mayo-16-2-Ropa
2024,May,2,Ropa,19,Vicálvaro,8.11,2024-Mayo-19-2-Ropa
2024,May,2,Ropa,20,San Blas-Canillejas,13.13,2024-Mayo-20-2-Ropa
2024,May,2,Ropa,21,Barajas,8.44,2024-Mayo-21-2-Ropa
2024,May,2,Vidrio,3,Retiro,142.9,2024-Mayo-3-2-Vidrio
2024,May,2,Vidrio,4,Salamanca,424.08,2024-Mayo-4-2-Vidrio
2024,May,2,Vidrio,5,Chamartín,233,2024-Mayo-5-2-Vidrio
2024,May,2,Vidrio,14,Moratalaz,208.42,2024-Mayo-14-2-Vidrio
2024,May,2,Vidrio,15,Ciudad Lineal,147.48,2024-Mayo-15-2-Vidrio
2024,May,2,Vidrio,16,Hortaleza,158.66,2024-Mayo-16-2-Vidrio
2024,May,2,Vidrio,19,Vicálvaro,129.68,2024-Mayo-19-2-Vidrio
2024,May,2,Vidrio,20,San Blas-Canillejas,356.12,2024-Mayo-20-2-Vidrio
2024,May,2,Vidrio,21,Barajas,117.92,2024-Mayo-21-2-Vidrio
2024,May,2,Vidrio Comercial,4,Salamanca,151.36,2024-Mayo-4-2-Vidrio Comercial
2024,May,3,Animales Muertos,99,Sin Distrito,8.3,2024-Mayo-99-3-Animales Muertos
2024,May,3,Carton Comercial,2,Arganzuela,46.52,2024-Mayo-2-3-Carton Comercial
2024,May,3,Carton Comercial,11,Carabanchel,44,2024-Mayo-11-3-Carton Comercial
2024,May,3,Carton Comercial,12,Usera,41.78,2024-Mayo-12-3-Carton Comercial
2024,May,3,Carton Comercial,13,Puente de Vallecas,48.2,2024-Mayo-13-3-Carton Comercial
2024,May,3,Carton Comercial,17,Villaverde,26.36,2024-Mayo-17-3-Carton Comercial
2024,May,3,Carton Comercial,18,Villa de Vallecas,19.36,2024-Mayo-18-3-Carton Comercial
2024,May,3,Clinicos,12,Usera,164.7,2024-Mayo-12-3-Clinicos
2024,May,3,Clinicos,13,Puente de Vallecas,36.34,2024-Mayo-13-3-Clinicos
2024,May,3,Envases,2,Arganzuela,506.62,2024-Mayo-2-3-Envases
2024,May,3,Envases,11,Carabanchel,1119.64,2024-Mayo-11-3-Envases
2024,May,3,Envases,12,Usera,489.18,2024-Mayo-12-3-Envases
2024,May,3,Envases,13,Puente de Vallecas,882.02,2024-Mayo-13-3-Envases
2024,May,3,Envases,17,Villaverde,439.22,2024-Mayo-17-3-Envases
2024,May,3,Envases,18,Villa de Vallecas,403.58,2024-Mayo-18-3-Envases
2024,May,3,Organica,2,Arganzuela,775.96,2024-Mayo-2-3-Organica
2024,May,3,Organica,11,Carabanchel,1807.36,2024-Mayo-11-3-Organica
2024,May,3,Organica,12,Usera,1054.98,2024-Mayo-12-3-Organica
2024,May,3,Organica,13,Puente de Vallecas,1690.92,2024-Mayo-13-3-Organica
2024,May,3,Organica,17,Villaverde,1225.06,2024-Mayo-17-3-Organica
2024,May,3,Organica,18,Villa de Vallecas,1874.76,2024-Mayo-18-3-Organica
2024,May,3,Papel-carton,2,Arganzuela,365.6,2024-Mayo-2-3-Papel-carton
2024,May,3,Papel-carton,11,Carabanchel,306.82,2024-Mayo-11-3-Papel-carton
2024,May,3,Papel-carton,12,Usera,182.84,2024-Mayo-12-3-Papel-carton
2024,May,3,Papel-carton,13,Puente de Vallecas,256.16,2024-Mayo-13-3-Papel-carton
2024,May,3,Papel-carton,17,Villaverde,196.62,2024-Mayo-17-3-Papel-carton
2024,May,3,Papel-carton,18,Villa de Vallecas,185.9,2024-Mayo-18-3-Papel-carton
2024,May,3,Pilas,2,Arganzuela,0.091088288,2024-Mayo-2-3-Pilas
2024,May,3,Pilas,11,Carabanchel,0.160152302,2024-Mayo-11-3-Pilas
2024,May,3,Pilas,12,Usera,0.13831938,2024-Mayo-12-3-Pilas
2024,May,3,Pilas,13,Puente de Vallecas,0.084020762,2024-Mayo-13-3-Pilas
2024,May,3,Pilas,17,Villaverde,0.078368649,2024-Mayo-17-3-Pilas
2024,May,3,Pilas,18,Villa de Vallecas,0.04314148,2024-Mayo-18-3-Pilas
2024,May,3,Puntos Limpios,2,Arganzuela,56.38,2024-Mayo-2-3-Puntos Limpios
2024,May,3,Puntos Limpios,11,Carabanchel,44.66,2024-Mayo-11-3-Puntos Limpios
2024,May,3,Puntos Limpios,12,Usera,47.82,2024-Mayo-12-3-Puntos Limpios
2024,May,3,Puntos Limpios,13,Puente de Vallecas,42.02,2024-Mayo-13-3-Puntos Limpios
2024,May,3,Puntos Limpios,17,Villaverde,56.58,2024-Mayo-17-3-Puntos Limpios
2024,May,3,Puntos Limpios,18,Villa de Vallecas,79.44,2024-Mayo-18-3-Puntos Limpios
2024,May,3,Rcd,2,Arganzuela,48.01,2024-Mayo-2-3-Rcd
2024,May,3,Rcd,11,Carabanchel,46.99,2024-Mayo-11-3-Rcd
2024,May,3,Rcd,12,Usera,71.42,2024-Mayo-12-3-Rcd
2024,May,3,Rcd,13,Puente de Vallecas,42.76,2024-Mayo-13-3-Rcd
2024,May,3,Rcd,17,Villaverde,90.9,2024-Mayo-17-3-Rcd
2024,May,3,Rcd,18,Villa de Vallecas,104.51,2024-Mayo-18-3-Rcd
2024,May,3,Resto,2,Arganzuela,1521.18,2024-Mayo-2-3-Resto
2024,May,3,Resto,11,Carabanchel,3590.38,2024-Mayo-11-3-Resto
2024,May,3,Resto,12,Usera,1409.84,2024-Mayo-12-3-Resto
2024,May,3,Resto,13,Puente de Vallecas,3061.02,2024-Mayo-13-3-Resto
2024,May,3,Resto,17,Villaverde,2448.98,2024-Mayo-17-3-Resto
2024,May,3,Resto,18,Villa de Vallecas,2307.32,2024-Mayo-18-3-Resto
2024,May,3,Ropa,2,Arganzuela,11.166,2024-Mayo-2-3-Ropa
2024,May,3,Ropa,11,Carabanchel,10.176,2024-Mayo-11-3-Ropa
2024,May,3,Ropa,12,Usera,13.851,2024-Mayo-12-3-Ropa
2024,May,3,Ropa,13,Puente de Vallecas,8.843,2024-Mayo-13-3-Ropa
2024,May,3,Ropa,17,Villaverde,9.653,2024-Mayo-17-3-Ropa
2024,May,3,Ropa,18,Villa de Vallecas,12.531,2024-Mayo-18-3-Ropa
2024,May,3,Vidrio,2,Arganzuela,273,2024-Mayo-2-3-Vidrio
2024,May,3,Vidrio,11,Carabanchel,189.3,2024-Mayo-11-3-Vidrio
2024,May,3,Vidrio,12,Usera,184.06,2024-Mayo-12-3-Vidrio
2024,May,3,Vidrio,13,Puente de Vallecas,185.5,2024-Mayo-13-3-Vidrio
2024,May,3,Vidrio,17,Villaverde,210.22,2024-Mayo-17-3-Vidrio
2024,May,3,Vidrio,18,Villa de Vallecas,98.92,2024-Mayo-18-3-Vidrio
2024,June,1,Cama De Caballo,9,Moncloa-Aravaca,130.99,2024-Junio-9-1-Cama De Caballo
2024,June,1,Carton Comercial,1,Centro,245.6,2024-Junio-1-1-Carton Comercial
2024,June,1,Carton Comercial,6,Tetuán,63,2024-Junio-6-1-Carton Comercial
2024,June,1,Carton Comercial,7,Chamberí,92.3,2024-Junio-7-1-Carton Comercial
2024,June,1,Carton Comercial,8,Fuencarral-El Pardo,29.16,2024-Junio-8-1-Carton Comercial
2024,June,1,Carton Comercial,10,Latina,38.72,2024-Junio-10-1-Carton Comercial
2024,June,1,Clinicos,1,Centro,186.1,2024-Junio-1-1-Clinicos
2024,June,1,Clinicos,6,Tetuán,17.9,2024-Junio-6-1-Clinicos
2024,June,1,Clinicos,8,Fuencarral-El Pardo,314.8,2024-Junio-8-1-Clinicos
2024,June,1,Clinicos,9,Moncloa-Aravaca,243.8,2024-Junio-9-1-Clinicos
2024,June,1,Clinicos,10,Latina,28.96,2024-Junio-10-1-Clinicos
2024,June,1,Contenedores De Ropa,8,Fuencarral-El Pardo,0.18,2024-Junio-8-1-Contenedores De Ropa
2024,June,1,Envases,1,Centro,346.76,2024-Junio-1-1-Envases
2024,June,1,Envases,6,Tetuán,503.48,2024-Junio-6-1-Envases
2024,June,1,Envases,7,Chamberí,517.88,2024-Junio-7-1-Envases
2024,June,1,Envases,8,Fuencarral-El Pardo,761.64,2024-Junio-8-1-Envases
2024,June,1,Envases,9,Moncloa-Aravaca,482.74,2024-Junio-9-1-Envases
2024,June,1,Envases,10,Latina,726.92,2024-Junio-10-1-Envases
2024,June,1,Organica,1,Centro,2241.28,2024-Junio-1-1-Organica
2024,June,1,Organica,6,Tetuán,1110.36,2024-Junio-6-1-Organica
2024,June,1,Organica,7,Chamberí,1184.8,2024-Junio-7-1-Organica
2024,June,1,Organica,8,Fuencarral-El Pardo,1818.28,2024-Junio-8-1-Organica
2024,June,1,Organica,9,Moncloa-Aravaca,1278.06,2024-Junio-9-1-Organica
2024,June,1,Organica,10,Latina,1583.08,2024-Junio-10-1-Organica
2024,June,1,Papel-carton,1,Centro,431.04,2024-Junio-1-1-Papel-carton
2024,June,1,Papel-carton,6,Tetuán,408,2024-Junio-6-1-Papel-carton
2024,June,1,Papel-carton,7,Chamberí,356.48,2024-Junio-7-1-Papel-carton
2024,June,1,Papel-carton,8,Fuencarral-El Pardo,718.12,2024-Junio-8-1-Papel-carton
2024,June,1,Papel-carton,9,Moncloa-Aravaca,226.26,2024-Junio-9-1-Papel-carton
2024,June,1,Papel-carton,10,Latina,345.82,2024-Junio-10-1-Papel-carton
2024,June,1,Pilas,1,Centro,0.118434692,2024-Junio-1-1-Pilas
2024,June,1,Pilas,6,Tetuán,0.141718209,2024-Junio-6-1-Pilas
2024,June,1,Pilas,7,Chamberí,0.090254524,2024-Junio-7-1-Pilas
2024,June,1,Pilas,8,Fuencarral-El Pardo,0.143701374,2024-Junio-8-1-Pilas
2024,June,1,Pilas,9,Moncloa-Aravaca,0.090323979,2024-Junio-9-1-Pilas
2024,June,1,Pilas,10,Latina,0.163292836,2024-Junio-10-1-Pilas
2024,June,1,Puntos Limpios,8,Fuencarral-El Pardo,154.74,2024-Junio-8-1-Puntos Limpios
2024,June,1,Puntos Limpios,9,Moncloa-Aravaca,61.78,2024-Junio-9-1-Puntos Limpios
2024,June,1,Puntos Limpios,10,Latina,103.58,2024-Junio-10-1-Puntos Limpios
2024,June,1,Rcd,1,Centro,176.72,2024-Junio-1-1-Rcd
2024,June,1,Rcd,6,Tetuán,27.935,2024-Junio-6-1-Rcd
2024,June,1,Rcd,7,Chamberí,61.9,2024-Junio-7-1-Rcd
2024,June,1,Rcd,8,Fuencarral-El Pardo,113.32,2024-Junio-8-1-Rcd
2024,June,1,Rcd,9,Moncloa-Aravaca,76.79,2024-Junio-9-1-Rcd
2024,June,1,Rcd,10,Latina,54.29,2024-Junio-10-1-Rcd
2024,June,1,Resto,1,Centro,3337.24,2024-Junio-1-1-Resto
2024,June,1,Resto,6,Tetuán,2195.64,2024-Junio-6-1-Resto
2024,June,1,Resto,7,Chamberí,1689.14,2024-Junio-7-1-Resto
2024,June,1,Resto,8,Fuencarral-El Pardo,2876.14,2024-Junio-8-1-Resto
2024,June,1,Resto,9,Moncloa-Aravaca,2062.7,2024-Junio-9-1-Resto
2024,June,1,Resto,10,Latina,2843.4,2024-Junio-10-1-Resto
2024,June,1,Ropa,1,Centro,17.27,2024-Junio-1-1-Ropa
2024,June,1,Ropa,6,Tetuán,14.36,2024-Junio-6-1-Ropa
2024,June,1,Ropa,7,Chamberí,20.145,2024-Junio-7-1-Ropa
2024,June,1,Ropa,8,Fuencarral-El Pardo,19.965,2024-Junio-8-1-Ropa
2024,June,1,Ropa,9,Moncloa-Aravaca,13.1,2024-Junio-9-1-Ropa
2024,June,1,Ropa,10,Latina,27.14,2024-Junio-10-1-Ropa
2024,June,1,Vidrio,1,Centro,574.98,2024-Junio-1-1-Vidrio
2024,June,1,Vidrio,6,Tetuán,255.94,2024-Junio-6-1-Vidrio
2024,June,1,Vidrio,7,Chamberí,337.42,2024-Junio-7-1-Vidrio
2024,June,1,Vidrio,8,Fuencarral-El Pardo,326.54,2024-Junio-8-1-Vidrio
2024,June,1,Vidrio,9,Moncloa-Aravaca,180.44,2024-Junio-9-1-Vidrio
2024,June,1,Vidrio,10,Latina,256.34,2024-Junio-10-1-Vidrio
2024,June,1,Vidrio Comercial,1,Centro,127.14,2024-Junio-1-1-Vidrio Comercial
2024,June,2,Carton Comercial,3,Retiro,64.08,2024-Junio-3-2-Carton Comercial
2024,June,2,Carton Comercial,4,Salamanca,86.74,2024-Junio-4-2-Carton Comercial
2024,June,2,Carton Comercial,5,Chamartín,96.44,2024-Junio-5-2-Carton Comercial
2024,June,2,Carton Comercial,14,Moratalaz,29.02,2024-Junio-14-2-Carton Comercial
2024,June,2,Carton Comercial,15,Ciudad Lineal,32.92,2024-Junio-15-2-Carton Comercial
2024,June,2,Carton Comercial,16,Hortaleza,29.42,2024-Junio-16-2-Carton Comercial
2024,June,2,Carton Comercial,19,Vicálvaro,30.64,2024-Junio-19-2-Carton Comercial
2024,June,2,Carton Comercial,20,San Blas-Canillejas,16.26,2024-Junio-20-2-Carton Comercial
2024,June,2,Carton Comercial,21,Barajas,21.82,2024-Junio-21-2-Carton Comercial
2024,June,2,Clinicos,3,Retiro,178.46,2024-Junio-3-2-Clinicos
2024,June,2,Clinicos,4,Salamanca,116.9,2024-Junio-4-2-Clinicos
2024,June,2,Clinicos,15,Ciudad Lineal,130.24,2024-Junio-15-2-Clinicos
2024,June,2,Envases,3,Retiro,347.84,2024-Junio-3-2-Envases
2024,June,2,Envases,4,Salamanca,534.98,2024-Junio-4-2-Envases
2024,June,2,Envases,5,Chamartín,487.58,2024-Junio-5-2-Envases
2024,June,2,Envases,14,Moratalaz,247.94,2024-Junio-14-2-Envases
2024,June,2,Envases,15,Ciudad Lineal,741.06,2024-Junio-15-2-Envases
2024,June,2,Envases,16,Hortaleza,683.58,2024-Junio-16-2-Envases
2024,June,2,Envases,19,Vicálvaro,333.32,2024-Junio-19-2-Envases
2024,June,2,Envases,20,San Blas-Canillejas,540.84,2024-Junio-20-2-Envases
2024,June,2,Envases,21,Barajas,174.16,2024-Junio-21-2-Envases
2024,June,2,Organica,3,Retiro,948.5,2024-Junio-3-2-Organica
2024,June,2,Organica,4,Salamanca,1585.06,2024-Junio-4-2-Organica
2024,June,2,Organica,5,Chamartín,1374.64,2024-Junio-5-2-Organica
2024,June,2,Organica,14,Moratalaz,390.82,2024-Junio-14-2-Organica
2024,June,2,Organica,15,Ciudad Lineal,1256.38,2024-Junio-15-2-Organica
2024,June,2,Organica,16,Hortaleza,1276.82,2024-Junio-16-2-Organica
2024,June,2,Organica,19,Vicálvaro,858.44,2024-Junio-19-2-Organica
2024,June,2,Organica,20,San Blas-Canillejas,1025.42,2024-Junio-20-2-Organica
2024,June,2,Organica,21,Barajas,499.8,2024-Junio-21-2-Organica
2024,June,2,Papel-carton,3,Retiro,292.02,2024-Junio-3-2-Papel-carton
2024,June,2,Papel-carton,4,Salamanca,496.82,2024-Junio-4-2-Papel-carton
2024,June,2,Papel-carton,5,Chamartín,327.84,2024-Junio-5-2-Papel-carton
2024,June,2,Papel-carton,14,Moratalaz,367.5,2024-Junio-14-2-Papel-carton
2024,June,2,Papel-carton,15,Ciudad Lineal,394.92,2024-Junio-15-2-Papel-carton
2024,June,2,Papel-carton,16,Hortaleza,429,2024-Junio-16-2-Papel-carton
2024,June,2,Papel-carton,19,Vicálvaro,71.98,2024-Junio-19-2-Papel-carton
2024,June,2,Papel-carton,20,San Blas-Canillejas,293.68,2024-Junio-20-2-Papel-carton
2024,June,2,Papel-carton,21,Barajas,124.98,2024-Junio-21-2-Papel-carton
2024,June,2,Pilas,3,Retiro,0.041437253,2024-Junio-3-2-Pilas
2024,June,2,Pilas,4,Salamanca,0.101855787,2024-Junio-4-2-Pilas
2024,June,2,Pilas,5,Chamartín,0.110095551,2024-Junio-5-2-Pilas
2024,June,2,Pilas,14,Moratalaz,0.052961268,2024-Junio-14-2-Pilas
2024,June,2,Pilas,15,Ciudad Lineal,0.09430539,2024-Junio-15-2-Pilas
2024,June,2,Pilas,16,Hortaleza,0.195614417,2024-Junio-16-2-Pilas
2024,June,2,Pilas,19,Vicálvaro,0.083683463,2024-Junio-19-2-Pilas
2024,June,2,Pilas,20,San Blas-Canillejas,0.089800353,2024-Junio-20-2-Pilas
2024,June,2,Pilas,21,Barajas,0.09022759,2024-Junio-21-2-Pilas
2024,June,2,Puntos Limpios,3,Retiro,2,2024-Junio-3-2-Puntos Limpios
2024,June,2,Puntos Limpios,5,Chamartín,123.86,2024-Junio-5-2-Puntos Limpios
2024,June,2,Puntos Limpios,14,Moratalaz,48.38,2024-Junio-14-2-Puntos Limpios
2024,June,2,Puntos Limpios,15,Ciudad Lineal,115.16,2024-Junio-15-2-Puntos Limpios
2024,June,2,Puntos Limpios,16,Hortaleza,86.46,2024-Junio-16-2-Puntos Limpios
2024,June,2,Puntos Limpios,19,Vicálvaro,41.88,2024-Junio-19-2-Puntos Limpios
2024,June,2,Puntos Limpios,20,San Blas-Canillejas,81.4,2024-Junio-20-2-Puntos Limpios
2024,June,2,Puntos Limpios,21,Barajas,48.82,2024-Junio-21-2-Puntos Limpios
2024,June,2,Rcd,3,Retiro,54.06,2024-Junio-3-2-Rcd
2024,June,2,Rcd,4,Salamanca,44.66,2024-Junio-4-2-Rcd
2024,June,2,Rcd,5,Chamartín,125.32,2024-Junio-5-2-Rcd
2024,June,2,Rcd,14,Moratalaz,68.52,2024-Junio-14-2-Rcd
2024,June,2,Rcd,15,Ciudad Lineal,114.04,2024-Junio-15-2-Rcd
2024,June,2,Rcd,16,Hortaleza,110.41,2024-Junio-16-2-Rcd
2024,June,2,Rcd,19,Vicálvaro,72.8,2024-Junio-19-2-Rcd
2024,June,2,Rcd,20,San Blas-Canillejas,73.78,2024-Junio-20-2-Rcd
2024,June,2,Rcd,21,Barajas,27.02,2024-Junio-21-2-Rcd
2024,June,2,Resto,3,Retiro,1248.1,2024-Junio-3-2-Resto
2024,June,2,Resto,4,Salamanca,1676.56,2024-Junio-4-2-Resto
2024,June,2,Resto,5,Chamartín,1665.54,2024-Junio-5-2-Resto
2024,June,2,Resto,14,Moratalaz,953.1,2024-Junio-14-2-Resto
2024,June,2,Resto,15,Ciudad Lineal,2509.1,2024-Junio-15-2-Resto
2024,June,2,Resto,16,Hortaleza,2245.32,2024-Junio-16-2-Resto
2024,June,2,Resto,19,Vicálvaro,1584.66,2024-Junio-19-2-Resto
2024,June,2,Resto,20,San Blas-Canillejas,2109.9,2024-Junio-20-2-Resto
2024,June,2,Resto,21,Barajas,779.64,2024-Junio-21-2-Resto
2024,June,2,Ropa,3,Retiro,12.75,2024-Junio-3-2-Ropa
2024,June,2,Ropa,4,Salamanca,12.61,2024-Junio-4-2-Ropa
2024,June,2,Ropa,5,Chamartín,16.6,2024-Junio-5-2-Ropa
2024,June,2,Ropa,14,Moratalaz,6.23,2024-Junio-14-2-Ropa
2024,June,2,Ropa,15,Ciudad Lineal,13.57,2024-Junio-15-2-Ropa
2024,June,2,Ropa,16,Hortaleza,12.16,2024-Junio-16-2-Ropa
2024,June,2,Ropa,19,Vicálvaro,9.62,2024-Junio-19-2-Ropa
2024,June,2,Ropa,20,San Blas-Canillejas,11.37,2024-Junio-20-2-Ropa
2024,June,2,Ropa,21,Barajas,8.39,2024-Junio-21-2-Ropa
2024,June,2,Vidrio,3,Retiro,142.66,2024-Junio-3-2-Vidrio
2024,June,2,Vidrio,4,Salamanca,407.2,2024-Junio-4-2-Vidrio
2024,June,2,Vidrio,5,Chamartín,180.68,2024-Junio-5-2-Vidrio
2024,June,2,Vidrio,14,Moratalaz,235.68,2024-Junio-14-2-Vidrio
2024,June,2,Vidrio,15,Ciudad Lineal,159.88,2024-Junio-15-2-Vidrio
2024,June,2,Vidrio,16,Hortaleza,156.64,2024-Junio-16-2-Vidrio
2024,June,2,Vidrio,19,Vicálvaro,151.06,2024-Junio-19-2-Vidrio
2024,June,2,Vidrio,20,San Blas-Canillejas,304.54,2024-Junio-20-2-Vidrio
2024,June,2,Vidrio,21,Barajas,118.9,2024-Junio-21-2-Vidrio
2024,June,2,Vidrio Comercial,4,Salamanca,154.96,2024-Junio-4-2-Vidrio Comercial
2024,June,3,Animales Muertos,99,Sin Distrito,10.2,2024-Junio-99-3-Animales Muertos
2024,June,3,Carton Comercial,2,Arganzuela,43.78,2024-Junio-2-3-Carton Comercial
2024,June,3,Carton Comercial,11,Carabanchel,38.98,2024-Junio-11-3-Carton Comercial
2024,June,3,Carton Comercial,12,Usera,37.14,2024-Junio-12-3-Carton Comercial
2024,June,3,Carton Comercial,13,Puente de Vallecas,46.62,2024-Junio-13-3-Carton Comercial
2024,June,3,Carton Comercial,17,Villaverde,28.02,2024-Junio-17-3-Carton Comercial
2024,June,3,Carton Comercial,18,Villa de Vallecas,24.96,2024-Junio-18-3-Carton Comercial
2024,June,3,Clinicos,12,Usera,161.36,2024-Junio-12-3-Clinicos
2024,June,3,Clinicos,13,Puente de Vallecas,32.32,2024-Junio-13-3-Clinicos
2024,June,3,Envases,2,Arganzuela,490.62,2024-Junio-2-3-Envases
2024,June,3,Envases,11,Carabanchel,988.98,2024-Junio-11-3-Envases
2024,June,3,Envases,12,Usera,508.78,2024-Junio-12-3-Envases
2024,June,3,Envases,13,Puente de Vallecas,932.8,2024-Junio-13-3-Envases
2024,June,3,Envases,17,Villaverde,418.48,2024-Junio-17-3-Envases
2024,June,3,Envases,18,Villa de Vallecas,392.34,2024-Junio-18-3-Envases
2024,June,3,Organica,2,Arganzuela,732.48,2024-Junio-2-3-Organica
2024,June,3,Organica,11,Carabanchel,1898.3,2024-Junio-11-3-Organica
2024,June,3,Organica,12,Usera,1000.34,2024-Junio-12-3-Organica
2024,June,3,Organica,13,Puente de Vallecas,1650.66,2024-Junio-13-3-Organica
2024,June,3,Organica,17,Villaverde,1188.34,2024-Junio-17-3-Organica
2024,June,3,Organica,18,Villa de Vallecas,1888.34,2024-Junio-18-3-Organica
2024,June,3,Papel-carton,2,Arganzuela,377.02,2024-Junio-2-3-Papel-carton
2024,June,3,Papel-carton,11,Carabanchel,341.18,2024-Junio-11-3-Papel-carton
2024,June,3,Papel-carton,12,Usera,198.42,2024-Junio-12-3-Papel-carton
2024,June,3,Papel-carton,13,Puente de Vallecas,277.9,2024-Junio-13-3-Papel-carton
2024,June,3,Papel-carton,17,Villaverde,222.64,2024-Junio-17-3-Papel-carton
2024,June,3,Papel-carton,18,Villa de Vallecas,193.72,2024-Junio-18-3-Papel-carton
2024,June,3,Pilas,2,Arganzuela,0.092564665,2024-Junio-2-3-Pilas
2024,June,3,Pilas,11,Carabanchel,0.161408314,2024-Junio-11-3-Pilas
2024,June,3,Pilas,12,Usera,0.139519627,2024-Junio-12-3-Pilas
2024,June,3,Pilas,13,Puente de Vallecas,0.084158117,2024-Junio-13-3-Pilas
2024,June,3,Pilas,17,Villaverde,0.085591704,2024-Junio-17-3-Pilas
2024,June,3,Pilas,18,Villa de Vallecas,0.044017846,2024-Junio-18-3-Pilas
2024,June,3,Puntos Limpios,2,Arganzuela,75.1,2024-Junio-2-3-Puntos Limpios
2024,June,3,Puntos Limpios,11,Carabanchel,60.32,2024-Junio-11-3-Puntos Limpios
2024,June,3,Puntos Limpios,12,Usera,41.02,2024-Junio-12-3-Puntos Limpios
2024,June,3,Puntos Limpios,13,Puente de Vallecas,53.02,2024-Junio-13-3-Puntos Limpios
2024,June,3,Puntos Limpios,17,Villaverde,45.16,2024-Junio-17-3-Puntos Limpios
2024,June,3,Puntos Limpios,18,Villa de Vallecas,90.7,2024-Junio-18-3-Puntos Limpios
2024,June,3,Rcd,2,Arganzuela,37.7,2024-Junio-2-3-Rcd
2024,June,3,Rcd,11,Carabanchel,79.88,2024-Junio-11-3-Rcd
2024,June,3,Rcd,12,Usera,37.86,2024-Junio-12-3-Rcd
2024,June,3,Rcd,13,Puente de Vallecas,49.93,2024-Junio-13-3-Rcd
2024,June,3,Rcd,17,Villaverde,93.36,2024-Junio-17-3-Rcd
2024,June,3,Rcd,18,Villa de Vallecas,64.44,2024-Junio-18-3-Rcd
2024,June,3,Resto,2,Arganzuela,1577.3,2024-Junio-2-3-Resto
2024,June,3,Resto,11,Carabanchel,3389,2024-Junio-11-3-Resto
2024,June,3,Resto,12,Usera,1442.8,2024-Junio-12-3-Resto
2024,June,3,Resto,13,Puente de Vallecas,3090.84,2024-Junio-13-3-Resto
2024,June,3,Resto,17,Villaverde,2420.72,2024-Junio-17-3-Resto
2024,June,3,Resto,18,Villa de Vallecas,2325.2,2024-Junio-18-3-Resto
2024,June,3,Resto,99,Sin Distrito,6.044,2024-Junio-99-3-Resto
2024,June,3,Ropa,2,Arganzuela,20.41,2024-Junio-2-3-Ropa
2024,June,3,Ropa,11,Carabanchel,12.025,2024-Junio-11-3-Ropa
2024,June,3,Ropa,12,Usera,16.39,2024-Junio-12-3-Ropa
2024,June,3,Ropa,13,Puente de Vallecas,9.425,2024-Junio-13-3-Ropa
2024,June,3,Ropa,17,Villaverde,6.805,2024-Junio-17-3-Ropa
2024,June,3,Ropa,18,Villa de Vallecas,15.64,2024-Junio-18-3-Ropa
2024,June,3,Vidrio,2,Arganzuela,294.28,2024-Junio-2-3-Vidrio
2024,June,3,Vidrio,11,Carabanchel,253.02,2024-Junio-11-3-Vidrio
2024,June,3,Vidrio,12,Usera,206.6,2024-Junio-12-3-Vidrio
2024,June,3,Vidrio,13,Puente de Vallecas,136.58,2024-Junio-13-3-Vidrio
2024,June,3,Vidrio,17,Villaverde,153.72,2024-Junio-17-3-Vidrio
2024,June,3,Vidrio,18,Villa de Vallecas,66.34,2024-Junio-18-3-Vidrio
